Date,District,Rainfall (mm)
2023-01-01,Pune,113.94
2023-01-01,Nagpur,36.05
2023-01-01,Nashik,67.38
2023-01-01,Mumbai,124.02
2023-01-01,Aurangabad,84.52
2023-01-02,Pune,65.38
2023-01-02,Nagpur,112.81
2023-01-02,Nashik,146.47
2023-01-02,Mumbai,16.48
2023-01-02,Aurangabad,98.04
2023-01-03,Pune,8.68
2023-01-03,Nagpur,55.77
2023-01-03,Nashik,199.56
2023-01-03,Mumbai,142.28
2023-01-03,Aurangabad,130.44
2023-01-04,Pune,167.84
2023-01-04,Nagpur,129.49
2023-01-04,Nashik,147.47
2023-01-04,Mumbai,122.19
2023-01-04,Aurangabad,134.46
2023-01-05,Pune,56.4
2023-01-05,Nagpur,68.22
2023-01-05,Nashik,152.88
2023-01-05,Mumbai,83.54
2023-01-05,Aurangabad,103.93
2023-01-06,Pune,110.36
2023-01-06,Nagpur,93.04
2023-01-06,Nashik,27.88
2023-01-06,Mumbai,31.51
2023-01-06,Aurangabad,48.71
2023-01-07,Pune,124.72
2023-01-07,Nagpur,4.65
2023-01-07,Nashik,89.21
2023-01-07,Mumbai,181.47
2023-01-07,Aurangabad,187.05
2023-01-08,Pune,107.01
2023-01-08,Nagpur,72.3
2023-01-08,Nashik,117.12
2023-01-08,Mumbai,39.3
2023-01-08,Aurangabad,139.87
2023-01-09,Pune,66.91
2023-01-09,Nagpur,85.28
2023-01-09,Nashik,146.53
2023-01-09,Mumbai,74.2
2023-01-09,Aurangabad,96.19
2023-01-10,Pune,161.79
2023-01-10,Nagpur,47.33
2023-01-10,Nashik,193.73
2023-01-10,Mumbai,81.14
2023-01-10,Aurangabad,35.75
2023-01-11,Pune,143.56
2023-01-11,Nagpur,143.94
2023-01-11,Nashik,23.82
2023-01-11,Mumbai,199.83
2023-01-11,Aurangabad,123.0
2023-01-12,Pune,157.81
2023-01-12,Nagpur,151.31
2023-01-12,Nashik,16.79
2023-01-12,Mumbai,31.34
2023-01-12,Aurangabad,83.91
2023-01-13,Pune,14.79
2023-01-13,Nagpur,156.17
2023-01-13,Nashik,169.96
2023-01-13,Mumbai,198.73
2023-01-13,Aurangabad,78.35
2023-01-14,Pune,64.93
2023-01-14,Nagpur,158.33
2023-01-14,Nashik,168.57
2023-01-14,Mumbai,7.2
2023-01-14,Aurangabad,111.04
2023-01-15,Pune,33.38
2023-01-15,Nagpur,127.24
2023-01-15,Nashik,104.62
2023-01-15,Mumbai,158.35
2023-01-15,Aurangabad,77.29
2023-01-16,Pune,3.52
2023-01-16,Nagpur,19.1
2023-01-16,Nashik,129.03
2023-01-16,Mumbai,170.72
2023-01-16,Aurangabad,114.99
2023-01-17,Pune,11.69
2023-01-17,Nagpur,70.96
2023-01-17,Nashik,186.38
2023-01-17,Mumbai,102.59
2023-01-17,Aurangabad,64.01
2023-01-18,Pune,7.69
2023-01-18,Nagpur,23.13
2023-01-18,Nashik,56.74
2023-01-18,Mumbai,182.25
2023-01-18,Aurangabad,132.79
2023-01-19,Pune,103.68
2023-01-19,Nagpur,111.19
2023-01-19,Nashik,126.61
2023-01-19,Mumbai,161.39
2023-01-19,Aurangabad,105.74
2023-01-20,Pune,118.51
2023-01-20,Nagpur,106.19
2023-01-20,Nashik,50.84
2023-01-20,Mumbai,140.25
2023-01-20,Aurangabad,155.79
2023-01-21,Pune,94.33
2023-01-21,Nagpur,10.81
2023-01-21,Nashik,122.67
2023-01-21,Mumbai,6.86
2023-01-21,Aurangabad,133.93
2023-01-22,Pune,68.29
2023-01-22,Nagpur,26.27
2023-01-22,Nashik,44.27
2023-01-22,Mumbai,36.05
2023-01-22,Aurangabad,57.82
2023-01-23,Pune,87.53
2023-01-23,Nagpur,70.98
2023-01-23,Nashik,10.77
2023-01-23,Mumbai,198.95
2023-01-23,Aurangabad,113.9
2023-01-24,Pune,127.4
2023-01-24,Nagpur,6.22
2023-01-24,Nashik,36.05
2023-01-24,Mumbai,106.01
2023-01-24,Aurangabad,37.15
2023-01-25,Pune,53.55
2023-01-25,Nagpur,18.18
2023-01-25,Nashik,99.62
2023-01-25,Mumbai,186.37
2023-01-25,Aurangabad,0.45
2023-01-26,Pune,81.23
2023-01-26,Nagpur,158.5
2023-01-26,Nashik,102.26
2023-01-26,Mumbai,169.27
2023-01-26,Aurangabad,163.87
2023-01-27,Pune,136.85
2023-01-27,Nagpur,80.96
2023-01-27,Nashik,116.27
2023-01-27,Mumbai,80.3
2023-01-27,Aurangabad,55.96
2023-01-28,Pune,64.42
2023-01-28,Nagpur,0.3
2023-01-28,Nashik,17.96
2023-01-28,Mumbai,147.06
2023-01-28,Aurangabad,29.49
2023-01-29,Pune,149.5
2023-01-29,Nagpur,187.65
2023-01-29,Nashik,93.32
2023-01-29,Mumbai,175.25
2023-01-29,Aurangabad,43.25
2023-01-30,Pune,150.81
2023-01-30,Nagpur,86.22
2023-01-30,Nashik,150.23
2023-01-30,Mumbai,174.8
2023-01-30,Aurangabad,191.38
2023-01-31,Pune,132.81
2023-01-31,Nagpur,13.68
2023-01-31,Nashik,81.6
2023-01-31,Mumbai,152.31
2023-01-31,Aurangabad,40.04
2023-02-01,Pune,126.19
2023-02-01,Nagpur,120.32
2023-02-01,Nashik,172.48
2023-02-01,Mumbai,27.24
2023-02-01,Aurangabad,21.23
2023-02-02,Pune,168.61
2023-02-02,Nagpur,107.99
2023-02-02,Nashik,139.13
2023-02-02,Mumbai,105.98
2023-02-02,Aurangabad,163.97
2023-02-03,Pune,39.85
2023-02-03,Nagpur,118.07
2023-02-03,Nashik,180.1
2023-02-03,Mumbai,195.82
2023-02-03,Aurangabad,78.36
2023-02-04,Pune,53.3
2023-02-04,Nagpur,188.0
2023-02-04,Nashik,36.81
2023-02-04,Mumbai,59.77
2023-02-04,Aurangabad,22.64
2023-02-05,Pune,17.8
2023-02-05,Nagpur,71.48
2023-02-05,Nashik,79.4
2023-02-05,Mumbai,124.07
2023-02-05,Aurangabad,48.02
2023-02-06,Pune,4.9
2023-02-06,Nagpur,105.01
2023-02-06,Nashik,85.83
2023-02-06,Mumbai,76.17
2023-02-06,Aurangabad,164.32
2023-02-07,Pune,34.07
2023-02-07,Nagpur,148.48
2023-02-07,Nashik,79.19
2023-02-07,Mumbai,139.82
2023-02-07,Aurangabad,77.26
2023-02-08,Pune,124.69
2023-02-08,Nagpur,139.11
2023-02-08,Nashik,69.32
2023-02-08,Mumbai,117.24
2023-02-08,Aurangabad,26.23
2023-02-09,Pune,167.32
2023-02-09,Nagpur,56.22
2023-02-09,Nashik,164.71
2023-02-09,Mumbai,91.67
2023-02-09,Aurangabad,71.5
2023-02-10,Pune,15.64
2023-02-10,Nagpur,188.18
2023-02-10,Nashik,166.24
2023-02-10,Mumbai,57.02
2023-02-10,Aurangabad,50.12
2023-02-11,Pune,175.53
2023-02-11,Nagpur,77.32
2023-02-11,Nashik,124.79
2023-02-11,Mumbai,147.78
2023-02-11,Aurangabad,182.15
2023-02-12,Pune,59.02
2023-02-12,Nagpur,97.07
2023-02-12,Nashik,155.77
2023-02-12,Mumbai,145.52
2023-02-12,Aurangabad,85.9
2023-02-13,Pune,49.45
2023-02-13,Nagpur,121.28
2023-02-13,Nashik,181.06
2023-02-13,Mumbai,85.92
2023-02-13,Aurangabad,146.47
2023-02-14,Pune,131.57
2023-02-14,Nagpur,80.28
2023-02-14,Nashik,158.34
2023-02-14,Mumbai,153.98
2023-02-14,Aurangabad,132.75
2023-02-15,Pune,17.61
2023-02-15,Nagpur,191.75
2023-02-15,Nashik,18.26
2023-02-15,Mumbai,192.34
2023-02-15,Aurangabad,190.99
2023-02-16,Pune,122.79
2023-02-16,Nagpur,138.98
2023-02-16,Nashik,82.95
2023-02-16,Mumbai,151.62
2023-02-16,Aurangabad,118.37
2023-02-17,Pune,186.68
2023-02-17,Nagpur,17.04
2023-02-17,Nashik,107.86
2023-02-17,Mumbai,129.33
2023-02-17,Aurangabad,98.78
2023-02-18,Pune,21.07
2023-02-18,Nagpur,101.87
2023-02-18,Nashik,83.44
2023-02-18,Mumbai,4.49
2023-02-18,Aurangabad,81.19
2023-02-19,Pune,16.54
2023-02-19,Nagpur,47.43
2023-02-19,Nashik,173.75
2023-02-19,Mumbai,108.97
2023-02-19,Aurangabad,31.7
2023-02-20,Pune,193.26
2023-02-20,Nagpur,103.14
2023-02-20,Nashik,72.16
2023-02-20,Mumbai,54.18
2023-02-20,Aurangabad,104.73
2023-02-21,Pune,141.57
2023-02-21,Nagpur,41.06
2023-02-21,Nashik,23.97
2023-02-21,Mumbai,145.21
2023-02-21,Aurangabad,74.56
2023-02-22,Pune,14.58
2023-02-22,Nagpur,90.86
2023-02-22,Nashik,35.25
2023-02-22,Mumbai,148.9
2023-02-22,Aurangabad,174.81
2023-02-23,Pune,2.23
2023-02-23,Nagpur,61.71
2023-02-23,Nashik,115.3
2023-02-23,Mumbai,148.08
2023-02-23,Aurangabad,162.87
2023-02-24,Pune,122.88
2023-02-24,Nagpur,103.87
2023-02-24,Nashik,105.73
2023-02-24,Mumbai,114.61
2023-02-24,Aurangabad,118.49
2023-02-25,Pune,177.79
2023-02-25,Nagpur,117.51
2023-02-25,Nashik,16.9
2023-02-25,Mumbai,49.6
2023-02-25,Aurangabad,102.17
2023-02-26,Pune,15.5
2023-02-26,Nagpur,149.9
2023-02-26,Nashik,50.96
2023-02-26,Mumbai,178.68
2023-02-26,Aurangabad,43.6
2023-02-27,Pune,133.35
2023-02-27,Nagpur,27.77
2023-02-27,Nashik,69.87
2023-02-27,Mumbai,179.58
2023-02-27,Aurangabad,18.49
2023-02-28,Pune,171.2
2023-02-28,Nagpur,99.04
2023-02-28,Nashik,193.38
2023-02-28,Mumbai,39.11
2023-02-28,Aurangabad,64.0
2023-03-01,Pune,103.63
2023-03-01,Nagpur,162.51
2023-03-01,Nashik,126.81
2023-03-01,Mumbai,100.46
2023-03-01,Aurangabad,3.13
2023-03-02,Pune,188.01
2023-03-02,Nagpur,95.89
2023-03-02,Nashik,5.99
2023-03-02,Mumbai,166.17
2023-03-02,Aurangabad,71.88
2023-03-03,Pune,93.36
2023-03-03,Nagpur,138.07
2023-03-03,Nashik,174.61
2023-03-03,Mumbai,130.81
2023-03-03,Aurangabad,83.38
2023-03-04,Pune,143.26
2023-03-04,Nagpur,10.67
2023-03-04,Nashik,19.76
2023-03-04,Mumbai,138.05
2023-03-04,Aurangabad,177.82
2023-03-05,Pune,104.6
2023-03-05,Nagpur,174.55
2023-03-05,Nashik,157.34
2023-03-05,Mumbai,128.31
2023-03-05,Aurangabad,155.84
2023-03-06,Pune,153.08
2023-03-06,Nagpur,108.86
2023-03-06,Nashik,185.22
2023-03-06,Mumbai,66.63
2023-03-06,Aurangabad,193.12
2023-03-07,Pune,51.71
2023-03-07,Nagpur,71.13
2023-03-07,Nashik,66.59
2023-03-07,Mumbai,145.16
2023-03-07,Aurangabad,19.31
2023-03-08,Pune,135.42
2023-03-08,Nagpur,55.12
2023-03-08,Nashik,65.11
2023-03-08,Mumbai,35.74
2023-03-08,Aurangabad,130.01
2023-03-09,Pune,120.26
2023-03-09,Nagpur,152.39
2023-03-09,Nashik,174.03
2023-03-09,Mumbai,175.3
2023-03-09,Aurangabad,162.36
2023-03-10,Pune,78.12
2023-03-10,Nagpur,15.14
2023-03-10,Nashik,166.86
2023-03-10,Mumbai,108.72
2023-03-10,Aurangabad,64.02
2023-03-11,Pune,162.15
2023-03-11,Nagpur,3.96
2023-03-11,Nashik,157.88
2023-03-11,Mumbai,78.09
2023-03-11,Aurangabad,172.7
2023-03-12,Pune,41.39
2023-03-12,Nagpur,32.62
2023-03-12,Nashik,177.42
2023-03-12,Mumbai,165.6
2023-03-12,Aurangabad,31.2
2023-03-13,Pune,161.64
2023-03-13,Nagpur,18.18
2023-03-13,Nashik,33.69
2023-03-13,Mumbai,169.57
2023-03-13,Aurangabad,46.04
2023-03-14,Pune,179.71
2023-03-14,Nagpur,85.88
2023-03-14,Nashik,129.29
2023-03-14,Mumbai,45.78
2023-03-14,Aurangabad,197.07
2023-03-15,Pune,80.37
2023-03-15,Nagpur,60.46
2023-03-15,Nashik,108.3
2023-03-15,Mumbai,187.72
2023-03-15,Aurangabad,93.11
2023-03-16,Pune,194.18
2023-03-16,Nagpur,194.9
2023-03-16,Nashik,175.66
2023-03-16,Mumbai,185.33
2023-03-16,Aurangabad,51.55
2023-03-17,Pune,140.6
2023-03-17,Nagpur,192.37
2023-03-17,Nashik,6.79
2023-03-17,Mumbai,120.03
2023-03-17,Aurangabad,142.75
2023-03-18,Pune,102.19
2023-03-18,Nagpur,127.36
2023-03-18,Nashik,132.3
2023-03-18,Mumbai,107.36
2023-03-18,Aurangabad,173.83
2023-03-19,Pune,108.64
2023-03-19,Nagpur,134.7
2023-03-19,Nashik,161.99
2023-03-19,Mumbai,146.13
2023-03-19,Aurangabad,113.13
2023-03-20,Pune,0.64
2023-03-20,Nagpur,1.65
2023-03-20,Nashik,13.86
2023-03-20,Mumbai,141.71
2023-03-20,Aurangabad,59.69
2023-03-21,Pune,174.65
2023-03-21,Nagpur,107.68
2023-03-21,Nashik,21.05
2023-03-21,Mumbai,131.03
2023-03-21,Aurangabad,116.81
2023-03-22,Pune,167.22
2023-03-22,Nagpur,119.5
2023-03-22,Nashik,73.39
2023-03-22,Mumbai,122.36
2023-03-22,Aurangabad,55.8
2023-03-23,Pune,45.23
2023-03-23,Nagpur,183.22
2023-03-23,Nashik,182.92
2023-03-23,Mumbai,189.44
2023-03-23,Aurangabad,60.39
2023-03-24,Pune,110.65
2023-03-24,Nagpur,145.0
2023-03-24,Nashik,47.71
2023-03-24,Mumbai,76.9
2023-03-24,Aurangabad,25.01
2023-03-25,Pune,103.25
2023-03-25,Nagpur,32.24
2023-03-25,Nashik,161.49
2023-03-25,Mumbai,171.85
2023-03-25,Aurangabad,76.77
2023-03-26,Pune,29.2
2023-03-26,Nagpur,138.65
2023-03-26,Nashik,19.89
2023-03-26,Mumbai,23.85
2023-03-26,Aurangabad,28.18
2023-03-27,Pune,91.77
2023-03-27,Nagpur,72.75
2023-03-27,Nashik,170.61
2023-03-27,Mumbai,105.91
2023-03-27,Aurangabad,15.17
2023-03-28,Pune,23.4
2023-03-28,Nagpur,176.96
2023-03-28,Nashik,188.72
2023-03-28,Mumbai,175.59
2023-03-28,Aurangabad,68.48
2023-03-29,Pune,87.64
2023-03-29,Nagpur,20.05
2023-03-29,Nashik,60.14
2023-03-29,Mumbai,106.74
2023-03-29,Aurangabad,76.66
2023-03-30,Pune,189.19
2023-03-30,Nagpur,110.91
2023-03-30,Nashik,107.25
2023-03-30,Mumbai,119.42
2023-03-30,Aurangabad,157.83
2023-03-31,Pune,136.0
2023-03-31,Nagpur,47.7
2023-03-31,Nashik,63.52
2023-03-31,Mumbai,50.01
2023-03-31,Aurangabad,94.39
2023-04-01,Pune,29.51
2023-04-01,Nagpur,6.3
2023-04-01,Nashik,130.82
2023-04-01,Mumbai,13.24
2023-04-01,Aurangabad,49.79
2023-04-02,Pune,98.05
2023-04-02,Nagpur,91.41
2023-04-02,Nashik,3.66
2023-04-02,Mumbai,180.4
2023-04-02,Aurangabad,101.97
2023-04-03,Pune,137.89
2023-04-03,Nagpur,49.94
2023-04-03,Nashik,153.3
2023-04-03,Mumbai,24.64
2023-04-03,Aurangabad,15.94
2023-04-04,Pune,107.12
2023-04-04,Nagpur,174.37
2023-04-04,Nashik,64.38
2023-04-04,Mumbai,93.95
2023-04-04,Aurangabad,171.54
2023-04-05,Pune,50.35
2023-04-05,Nagpur,177.93
2023-04-05,Nashik,175.38
2023-04-05,Mumbai,33.17
2023-04-05,Aurangabad,97.82
2023-04-06,Pune,27.91
2023-04-06,Nagpur,50.57
2023-04-06,Nashik,13.77
2023-04-06,Mumbai,138.05
2023-04-06,Aurangabad,149.21
2023-04-07,Pune,85.25
2023-04-07,Nagpur,74.04
2023-04-07,Nashik,84.27
2023-04-07,Mumbai,139.13
2023-04-07,Aurangabad,100.73
2023-04-08,Pune,161.6
2023-04-08,Nagpur,9.1
2023-04-08,Nashik,99.22
2023-04-08,Mumbai,8.14
2023-04-08,Aurangabad,15.16
2023-04-09,Pune,186.93
2023-04-09,Nagpur,184.34
2023-04-09,Nashik,37.62
2023-04-09,Mumbai,113.6
2023-04-09,Aurangabad,187.08
2023-04-10,Pune,29.08
2023-04-10,Nagpur,64.13
2023-04-10,Nashik,91.93
2023-04-10,Mumbai,83.8
2023-04-10,Aurangabad,13.23
2023-04-11,Pune,1.64
2023-04-11,Nagpur,180.08
2023-04-11,Nashik,136.44
2023-04-11,Mumbai,73.58
2023-04-11,Aurangabad,170.7
2023-04-12,Pune,88.0
2023-04-12,Nagpur,132.81
2023-04-12,Nashik,66.97
2023-04-12,Mumbai,61.2
2023-04-12,Aurangabad,145.85
2023-04-13,Pune,158.85
2023-04-13,Nagpur,155.47
2023-04-13,Nashik,124.41
2023-04-13,Mumbai,55.93
2023-04-13,Aurangabad,69.65
2023-04-14,Pune,90.31
2023-04-14,Nagpur,92.49
2023-04-14,Nashik,99.14
2023-04-14,Mumbai,15.61
2023-04-14,Aurangabad,2.2
2023-04-15,Pune,39.18
2023-04-15,Nagpur,52.59
2023-04-15,Nashik,149.71
2023-04-15,Mumbai,34.9
2023-04-15,Aurangabad,34.88
2023-04-16,Pune,139.32
2023-04-16,Nagpur,77.71
2023-04-16,Nashik,156.53
2023-04-16,Mumbai,62.58
2023-04-16,Aurangabad,170.03
2023-04-17,Pune,88.37
2023-04-17,Nagpur,160.43
2023-04-17,Nashik,85.34
2023-04-17,Mumbai,82.71
2023-04-17,Aurangabad,188.86
2023-04-18,Pune,29.24
2023-04-18,Nagpur,55.2
2023-04-18,Nashik,182.95
2023-04-18,Mumbai,184.08
2023-04-18,Aurangabad,55.55
2023-04-19,Pune,199.01
2023-04-19,Nagpur,183.35
2023-04-19,Nashik,162.08
2023-04-19,Mumbai,144.49
2023-04-19,Aurangabad,124.65
2023-04-20,Pune,14.86
2023-04-20,Nagpur,158.65
2023-04-20,Nashik,123.7
2023-04-20,Mumbai,199.01
2023-04-20,Aurangabad,146.02
2023-04-21,Pune,77.95
2023-04-21,Nagpur,158.07
2023-04-21,Nashik,147.25
2023-04-21,Mumbai,65.73
2023-04-21,Aurangabad,40.58
2023-04-22,Pune,117.67
2023-04-22,Nagpur,82.84
2023-04-22,Nashik,47.35
2023-04-22,Mumbai,39.44
2023-04-22,Aurangabad,56.68
2023-04-23,Pune,20.38
2023-04-23,Nagpur,89.75
2023-04-23,Nashik,140.04
2023-04-23,Mumbai,62.42
2023-04-23,Aurangabad,133.91
2023-04-24,Pune,93.47
2023-04-24,Nagpur,5.49
2023-04-24,Nashik,31.66
2023-04-24,Mumbai,193.51
2023-04-24,Aurangabad,76.3
2023-04-25,Pune,39.1
2023-04-25,Nagpur,32.49
2023-04-25,Nashik,10.76
2023-04-25,Mumbai,8.03
2023-04-25,Aurangabad,93.32
2023-04-26,Pune,139.38
2023-04-26,Nagpur,72.44
2023-04-26,Nashik,110.21
2023-04-26,Mumbai,78.45
2023-04-26,Aurangabad,93.01
2023-04-27,Pune,136.01
2023-04-27,Nagpur,61.48
2023-04-27,Nashik,108.97
2023-04-27,Mumbai,73.83
2023-04-27,Aurangabad,176.24
2023-04-28,Pune,41.26
2023-04-28,Nagpur,100.69
2023-04-28,Nashik,60.03
2023-04-28,Mumbai,126.64
2023-04-28,Aurangabad,122.17
2023-04-29,Pune,130.39
2023-04-29,Nagpur,190.34
2023-04-29,Nashik,102.44
2023-04-29,Mumbai,95.8
2023-04-29,Aurangabad,56.09
2023-04-30,Pune,168.2
2023-04-30,Nagpur,90.22
2023-04-30,Nashik,11.32
2023-04-30,Mumbai,13.18
2023-04-30,Aurangabad,96.72
2023-05-01,Pune,38.76
2023-05-01,Nagpur,161.6
2023-05-01,Nashik,19.83
2023-05-01,Mumbai,57.15
2023-05-01,Aurangabad,99.42
2023-05-02,Pune,23.63
2023-05-02,Nagpur,78.67
2023-05-02,Nashik,79.78
2023-05-02,Mumbai,161.44
2023-05-02,Aurangabad,61.09
2023-05-03,Pune,2.44
2023-05-03,Nagpur,23.4
2023-05-03,Nashik,12.5
2023-05-03,Mumbai,25.46
2023-05-03,Aurangabad,116.44
2023-05-04,Pune,49.24
2023-05-04,Nagpur,80.24
2023-05-04,Nashik,165.33
2023-05-04,Mumbai,152.71
2023-05-04,Aurangabad,145.4
2023-05-05,Pune,103.36
2023-05-05,Nagpur,53.25
2023-05-05,Nashik,0.18
2023-05-05,Mumbai,28.16
2023-05-05,Aurangabad,111.64
2023-05-06,Pune,79.3
2023-05-06,Nagpur,59.43
2023-05-06,Nashik,40.11
2023-05-06,Mumbai,1.8
2023-05-06,Aurangabad,181.81
2023-05-07,Pune,159.03
2023-05-07,Nagpur,75.32
2023-05-07,Nashik,23.81
2023-05-07,Mumbai,131.25
2023-05-07,Aurangabad,21.69
2023-05-08,Pune,57.22
2023-05-08,Nagpur,119.42
2023-05-08,Nashik,160.91
2023-05-08,Mumbai,193.47
2023-05-08,Aurangabad,149.23
2023-05-09,Pune,5.07
2023-05-09,Nagpur,24.08
2023-05-09,Nashik,35.07
2023-05-09,Mumbai,171.58
2023-05-09,Aurangabad,7.49
2023-05-10,Pune,131.07
2023-05-10,Nagpur,67.66
2023-05-10,Nashik,183.59
2023-05-10,Mumbai,159.98
2023-05-10,Aurangabad,51.64
2023-05-11,Pune,77.49
2023-05-11,Nagpur,176.3
2023-05-11,Nashik,99.89
2023-05-11,Mumbai,53.83
2023-05-11,Aurangabad,50.63
2023-05-12,Pune,199.07
2023-05-12,Nagpur,157.34
2023-05-12,Nashik,63.47
2023-05-12,Mumbai,96.83
2023-05-12,Aurangabad,41.33
2023-05-13,Pune,59.04
2023-05-13,Nagpur,50.08
2023-05-13,Nashik,70.52
2023-05-13,Mumbai,77.59
2023-05-13,Aurangabad,60.75
2023-05-14,Pune,104.55
2023-05-14,Nagpur,173.18
2023-05-14,Nashik,104.27
2023-05-14,Mumbai,105.59
2023-05-14,Aurangabad,57.52
2023-05-15,Pune,6.86
2023-05-15,Nagpur,75.31
2023-05-15,Nashik,100.57
2023-05-15,Mumbai,37.29
2023-05-15,Aurangabad,179.08
2023-05-16,Pune,88.98
2023-05-16,Nagpur,79.49
2023-05-16,Nashik,14.58
2023-05-16,Mumbai,51.78
2023-05-16,Aurangabad,132.35
2023-05-17,Pune,117.26
2023-05-17,Nagpur,56.86
2023-05-17,Nashik,101.02
2023-05-17,Mumbai,195.47
2023-05-17,Aurangabad,17.09
2023-05-18,Pune,9.94
2023-05-18,Nagpur,191.47
2023-05-18,Nashik,94.44
2023-05-18,Mumbai,132.17
2023-05-18,Aurangabad,61.26
2023-05-19,Pune,8.21
2023-05-19,Nagpur,31.42
2023-05-19,Nashik,34.46
2023-05-19,Mumbai,78.67
2023-05-19,Aurangabad,89.71
2023-05-20,Pune,30.94
2023-05-20,Nagpur,29.5
2023-05-20,Nashik,27.35
2023-05-20,Mumbai,182.4
2023-05-20,Aurangabad,191.1
2023-05-21,Pune,186.27
2023-05-21,Nagpur,40.74
2023-05-21,Nashik,78.96
2023-05-21,Mumbai,97.6
2023-05-21,Aurangabad,145.22
2023-05-22,Pune,182.77
2023-05-22,Nagpur,145.17
2023-05-22,Nashik,179.41
2023-05-22,Mumbai,4.67
2023-05-22,Aurangabad,14.78
2023-05-23,Pune,136.66
2023-05-23,Nagpur,178.21
2023-05-23,Nashik,65.01
2023-05-23,Mumbai,69.85
2023-05-23,Aurangabad,66.76
2023-05-24,Pune,129.98
2023-05-24,Nagpur,197.05
2023-05-24,Nashik,23.26
2023-05-24,Mumbai,95.48
2023-05-24,Aurangabad,179.69
2023-05-25,Pune,3.85
2023-05-25,Nagpur,68.12
2023-05-25,Nashik,6.55
2023-05-25,Mumbai,31.34
2023-05-25,Aurangabad,32.2
2023-05-26,Pune,163.82
2023-05-26,Nagpur,61.19
2023-05-26,Nashik,123.41
2023-05-26,Mumbai,153.43
2023-05-26,Aurangabad,137.39
2023-05-27,Pune,190.86
2023-05-27,Nagpur,139.67
2023-05-27,Nashik,167.91
2023-05-27,Mumbai,183.92
2023-05-27,Aurangabad,0.06
2023-05-28,Pune,109.35
2023-05-28,Nagpur,81.47
2023-05-28,Nashik,130.88
2023-05-28,Mumbai,84.05
2023-05-28,Aurangabad,187.47
2023-05-29,Pune,105.12
2023-05-29,Nagpur,12.78
2023-05-29,Nashik,159.54
2023-05-29,Mumbai,29.5
2023-05-29,Aurangabad,16.68
2023-05-30,Pune,27.96
2023-05-30,Nagpur,166.63
2023-05-30,Nashik,152.57
2023-05-30,Mumbai,39.62
2023-05-30,Aurangabad,70.91
2023-05-31,Pune,196.6
2023-05-31,Nagpur,42.66
2023-05-31,Nashik,78.9
2023-05-31,Mumbai,24.11
2023-05-31,Aurangabad,38.53
2023-06-01,Pune,180.16
2023-06-01,Nagpur,27.29
2023-06-01,Nashik,70.32
2023-06-01,Mumbai,93.0
2023-06-01,Aurangabad,5.58
2023-06-02,Pune,34.74
2023-06-02,Nagpur,115.66
2023-06-02,Nashik,175.15
2023-06-02,Mumbai,12.96
2023-06-02,Aurangabad,46.08
2023-06-03,Pune,199.86
2023-06-03,Nagpur,78.43
2023-06-03,Nashik,45.73
2023-06-03,Mumbai,23.31
2023-06-03,Aurangabad,178.89
2023-06-04,Pune,173.2
2023-06-04,Nagpur,16.29
2023-06-04,Nashik,130.52
2023-06-04,Mumbai,162.45
2023-06-04,Aurangabad,13.87
2023-06-05,Pune,172.4
2023-06-05,Nagpur,81.95
2023-06-05,Nashik,91.17
2023-06-05,Mumbai,182.63
2023-06-05,Aurangabad,179.4
2023-06-06,Pune,146.73
2023-06-06,Nagpur,137.71
2023-06-06,Nashik,140.89
2023-06-06,Mumbai,58.9
2023-06-06,Aurangabad,29.25
2023-06-07,Pune,7.79
2023-06-07,Nagpur,126.06
2023-06-07,Nashik,142.29
2023-06-07,Mumbai,111.63
2023-06-07,Aurangabad,47.71
2023-06-08,Pune,26.57
2023-06-08,Nagpur,153.95
2023-06-08,Nashik,10.48
2023-06-08,Mumbai,29.21
2023-06-08,Aurangabad,49.5
2023-06-09,Pune,58.07
2023-06-09,Nagpur,116.33
2023-06-09,Nashik,112.0
2023-06-09,Mumbai,120.3
2023-06-09,Aurangabad,108.93
2023-06-10,Pune,126.11
2023-06-10,Nagpur,5.03
2023-06-10,Nashik,6.03
2023-06-10,Mumbai,72.84
2023-06-10,Aurangabad,157.09
2023-06-11,Pune,91.97
2023-06-11,Nagpur,159.81
2023-06-11,Nashik,172.83
2023-06-11,Mumbai,34.21
2023-06-11,Aurangabad,150.57
2023-06-12,Pune,135.71
2023-06-12,Nagpur,164.5
2023-06-12,Nashik,144.27
2023-06-12,Mumbai,56.81
2023-06-12,Aurangabad,60.5
2023-06-13,Pune,69.07
2023-06-13,Nagpur,179.08
2023-06-13,Nashik,77.33
2023-06-13,Mumbai,194.14
2023-06-13,Aurangabad,74.76
2023-06-14,Pune,21.5
2023-06-14,Nagpur,165.97
2023-06-14,Nashik,86.38
2023-06-14,Mumbai,27.53
2023-06-14,Aurangabad,52.24
2023-06-15,Pune,128.8
2023-06-15,Nagpur,30.06
2023-06-15,Nashik,148.87
2023-06-15,Mumbai,128.41
2023-06-15,Aurangabad,126.78
2023-06-16,Pune,136.83
2023-06-16,Nagpur,178.64
2023-06-16,Nashik,145.55
2023-06-16,Mumbai,156.49
2023-06-16,Aurangabad,169.79
2023-06-17,Pune,143.76
2023-06-17,Nagpur,30.93
2023-06-17,Nashik,87.17
2023-06-17,Mumbai,177.71
2023-06-17,Aurangabad,187.11
2023-06-18,Pune,136.91
2023-06-18,Nagpur,34.23
2023-06-18,Nashik,35.64
2023-06-18,Mumbai,192.58
2023-06-18,Aurangabad,109.56
2023-06-19,Pune,57.43
2023-06-19,Nagpur,165.07
2023-06-19,Nashik,96.88
2023-06-19,Mumbai,36.59
2023-06-19,Aurangabad,144.71
2023-06-20,Pune,168.81
2023-06-20,Nagpur,152.29
2023-06-20,Nashik,13.58
2023-06-20,Mumbai,52.67
2023-06-20,Aurangabad,114.17
2023-06-21,Pune,60.16
2023-06-21,Nagpur,28.46
2023-06-21,Nashik,37.32
2023-06-21,Mumbai,127.72
2023-06-21,Aurangabad,2.45
2023-06-22,Pune,67.15
2023-06-22,Nagpur,131.81
2023-06-22,Nashik,137.44
2023-06-22,Mumbai,136.32
2023-06-22,Aurangabad,167.23
2023-06-23,Pune,161.08
2023-06-23,Nagpur,199.94
2023-06-23,Nashik,184.91
2023-06-23,Mumbai,178.81
2023-06-23,Aurangabad,119.31
2023-06-24,Pune,124.51
2023-06-24,Nagpur,73.3
2023-06-24,Nashik,92.48
2023-06-24,Mumbai,170.88
2023-06-24,Aurangabad,83.08
2023-06-25,Pune,190.23
2023-06-25,Nagpur,191.46
2023-06-25,Nashik,142.52
2023-06-25,Mumbai,38.16
2023-06-25,Aurangabad,22.41
2023-06-26,Pune,64.38
2023-06-26,Nagpur,185.85
2023-06-26,Nashik,2.81
2023-06-26,Mumbai,29.0
2023-06-26,Aurangabad,175.92
2023-06-27,Pune,57.23
2023-06-27,Nagpur,143.9
2023-06-27,Nashik,92.51
2023-06-27,Mumbai,29.98
2023-06-27,Aurangabad,92.85
2023-06-28,Pune,56.74
2023-06-28,Nagpur,10.43
2023-06-28,Nashik,78.08
2023-06-28,Mumbai,28.67
2023-06-28,Aurangabad,21.53
2023-06-29,Pune,175.33
2023-06-29,Nagpur,105.69
2023-06-29,Nashik,40.61
2023-06-29,Mumbai,175.19
2023-06-29,Aurangabad,99.71
2023-06-30,Pune,124.0
2023-06-30,Nagpur,133.56
2023-06-30,Nashik,12.3
2023-06-30,Mumbai,119.85
2023-06-30,Aurangabad,34.91
2023-07-01,Pune,150.71
2023-07-01,Nagpur,114.27
2023-07-01,Nashik,101.9
2023-07-01,Mumbai,50.98
2023-07-01,Aurangabad,56.26
2023-07-02,Pune,188.22
2023-07-02,Nagpur,152.74
2023-07-02,Nashik,76.21
2023-07-02,Mumbai,131.49
2023-07-02,Aurangabad,196.67
2023-07-03,Pune,1.78
2023-07-03,Nagpur,101.38
2023-07-03,Nashik,117.63
2023-07-03,Mumbai,198.33
2023-07-03,Aurangabad,20.86
2023-07-04,Pune,113.61
2023-07-04,Nagpur,106.87
2023-07-04,Nashik,155.37
2023-07-04,Mumbai,124.13
2023-07-04,Aurangabad,50.36
2023-07-05,Pune,76.19
2023-07-05,Nagpur,180.37
2023-07-05,Nashik,96.88
2023-07-05,Mumbai,49.05
2023-07-05,Aurangabad,53.84
2023-07-06,Pune,30.86
2023-07-06,Nagpur,62.27
2023-07-06,Nashik,5.53
2023-07-06,Mumbai,128.87
2023-07-06,Aurangabad,21.73
2023-07-07,Pune,6.21
2023-07-07,Nagpur,49.24
2023-07-07,Nashik,189.27
2023-07-07,Mumbai,59.1
2023-07-07,Aurangabad,184.01
2023-07-08,Pune,82.63
2023-07-08,Nagpur,108.39
2023-07-08,Nashik,122.24
2023-07-08,Mumbai,83.85
2023-07-08,Aurangabad,64.43
2023-07-09,Pune,160.18
2023-07-09,Nagpur,199.69
2023-07-09,Nashik,53.8
2023-07-09,Mumbai,31.29
2023-07-09,Aurangabad,124.63
2023-07-10,Pune,154.92
2023-07-10,Nagpur,131.14
2023-07-10,Nashik,58.22
2023-07-10,Mumbai,10.66
2023-07-10,Aurangabad,119.61
2023-07-11,Pune,149.7
2023-07-11,Nagpur,11.84
2023-07-11,Nashik,177.11
2023-07-11,Mumbai,134.65
2023-07-11,Aurangabad,159.35
2023-07-12,Pune,103.39
2023-07-12,Nagpur,178.62
2023-07-12,Nashik,136.29
2023-07-12,Mumbai,167.9
2023-07-12,Aurangabad,64.29
2023-07-13,Pune,108.86
2023-07-13,Nagpur,160.34
2023-07-13,Nashik,182.89
2023-07-13,Mumbai,131.64
2023-07-13,Aurangabad,50.41
2023-07-14,Pune,135.11
2023-07-14,Nagpur,38.82
2023-07-14,Nashik,145.28
2023-07-14,Mumbai,71.78
2023-07-14,Aurangabad,93.88
2023-07-15,Pune,185.91
2023-07-15,Nagpur,16.31
2023-07-15,Nashik,186.81
2023-07-15,Mumbai,110.4
2023-07-15,Aurangabad,1.24
2023-07-16,Pune,22.28
2023-07-16,Nagpur,4.48
2023-07-16,Nashik,133.26
2023-07-16,Mumbai,75.17
2023-07-16,Aurangabad,179.42
2023-07-17,Pune,179.16
2023-07-17,Nagpur,26.35
2023-07-17,Nashik,13.73
2023-07-17,Mumbai,94.28
2023-07-17,Aurangabad,59.89
2023-07-18,Pune,63.38
2023-07-18,Nagpur,60.66
2023-07-18,Nashik,133.92
2023-07-18,Mumbai,93.61
2023-07-18,Aurangabad,119.78
2023-07-19,Pune,125.67
2023-07-19,Nagpur,157.57
2023-07-19,Nashik,45.67
2023-07-19,Mumbai,150.22
2023-07-19,Aurangabad,172.43
2023-07-20,Pune,173.85
2023-07-20,Nagpur,71.86
2023-07-20,Nashik,164.96
2023-07-20,Mumbai,120.44
2023-07-20,Aurangabad,96.87
2023-07-21,Pune,139.06
2023-07-21,Nagpur,118.67
2023-07-21,Nashik,56.62
2023-07-21,Mumbai,29.21
2023-07-21,Aurangabad,16.72
2023-07-22,Pune,196.1
2023-07-22,Nagpur,34.87
2023-07-22,Nashik,96.63
2023-07-22,Mumbai,57.85
2023-07-22,Aurangabad,190.77
2023-07-23,Pune,22.97
2023-07-23,Nagpur,70.12
2023-07-23,Nashik,82.42
2023-07-23,Mumbai,184.85
2023-07-23,Aurangabad,107.24
2023-07-24,Pune,43.67
2023-07-24,Nagpur,97.58
2023-07-24,Nashik,50.69
2023-07-24,Mumbai,132.61
2023-07-24,Aurangabad,177.29
2023-07-25,Pune,198.49
2023-07-25,Nagpur,184.19
2023-07-25,Nashik,75.91
2023-07-25,Mumbai,100.43
2023-07-25,Aurangabad,68.66
2023-07-26,Pune,158.43
2023-07-26,Nagpur,9.67
2023-07-26,Nashik,196.42
2023-07-26,Mumbai,87.94
2023-07-26,Aurangabad,0.93
2023-07-27,Pune,80.09
2023-07-27,Nagpur,169.2
2023-07-27,Nashik,193.64
2023-07-27,Mumbai,24.39
2023-07-27,Aurangabad,107.67
2023-07-28,Pune,126.38
2023-07-28,Nagpur,170.51
2023-07-28,Nashik,25.43
2023-07-28,Mumbai,152.28
2023-07-28,Aurangabad,26.47
2023-07-29,Pune,68.11
2023-07-29,Nagpur,22.22
2023-07-29,Nashik,64.16
2023-07-29,Mumbai,72.33
2023-07-29,Aurangabad,71.94
2023-07-30,Pune,162.05
2023-07-30,Nagpur,114.03
2023-07-30,Nashik,134.28
2023-07-30,Mumbai,69.09
2023-07-30,Aurangabad,68.38
2023-07-31,Pune,141.7
2023-07-31,Nagpur,82.96
2023-07-31,Nashik,130.62
2023-07-31,Mumbai,49.93
2023-07-31,Aurangabad,37.4
2023-08-01,Pune,58.6
2023-08-01,Nagpur,26.98
2023-08-01,Nashik,112.09
2023-08-01,Mumbai,35.05
2023-08-01,Aurangabad,74.39
2023-08-02,Pune,36.95
2023-08-02,Nagpur,163.81
2023-08-02,Nashik,181.31
2023-08-02,Mumbai,184.54
2023-08-02,Aurangabad,153.58
2023-08-03,Pune,99.87
2023-08-03,Nagpur,87.9
2023-08-03,Nashik,32.23
2023-08-03,Mumbai,167.37
2023-08-03,Aurangabad,184.19
2023-08-04,Pune,166.01
2023-08-04,Nagpur,34.47
2023-08-04,Nashik,52.92
2023-08-04,Mumbai,17.76
2023-08-04,Aurangabad,57.46
2023-08-05,Pune,145.96
2023-08-05,Nagpur,61.82
2023-08-05,Nashik,185.87
2023-08-05,Mumbai,50.09
2023-08-05,Aurangabad,193.48
2023-08-06,Pune,57.43
2023-08-06,Nagpur,174.98
2023-08-06,Nashik,140.62
2023-08-06,Mumbai,20.57
2023-08-06,Aurangabad,121.73
2023-08-07,Pune,159.04
2023-08-07,Nagpur,28.0
2023-08-07,Nashik,148.15
2023-08-07,Mumbai,14.05
2023-08-07,Aurangabad,152.32
2023-08-08,Pune,169.57
2023-08-08,Nagpur,88.16
2023-08-08,Nashik,39.87
2023-08-08,Mumbai,1.61
2023-08-08,Aurangabad,189.61
2023-08-09,Pune,74.01
2023-08-09,Nagpur,187.85
2023-08-09,Nashik,40.83
2023-08-09,Mumbai,15.97
2023-08-09,Aurangabad,23.62
2023-08-10,Pune,21.34
2023-08-10,Nagpur,136.59
2023-08-10,Nashik,167.59
2023-08-10,Mumbai,2.43
2023-08-10,Aurangabad,60.47
2023-08-11,Pune,112.49
2023-08-11,Nagpur,10.31
2023-08-11,Nashik,128.89
2023-08-11,Mumbai,60.71
2023-08-11,Aurangabad,66.27
2023-08-12,Pune,68.93
2023-08-12,Nagpur,91.87
2023-08-12,Nashik,102.74
2023-08-12,Mumbai,177.44
2023-08-12,Aurangabad,191.99
2023-08-13,Pune,112.19
2023-08-13,Nagpur,178.73
2023-08-13,Nashik,190.35
2023-08-13,Mumbai,68.11
2023-08-13,Aurangabad,57.58
2023-08-14,Pune,40.74
2023-08-14,Nagpur,120.44
2023-08-14,Nashik,56.63
2023-08-14,Mumbai,152.3
2023-08-14,Aurangabad,81.38
2023-08-15,Pune,102.79
2023-08-15,Nagpur,91.85
2023-08-15,Nashik,34.4
2023-08-15,Mumbai,84.91
2023-08-15,Aurangabad,158.84
2023-08-16,Pune,2.38
2023-08-16,Nagpur,103.87
2023-08-16,Nashik,41.42
2023-08-16,Mumbai,190.52
2023-08-16,Aurangabad,143.41
2023-08-17,Pune,103.36
2023-08-17,Nagpur,124.02
2023-08-17,Nashik,74.08
2023-08-17,Mumbai,118.31
2023-08-17,Aurangabad,134.87
2023-08-18,Pune,2.31
2023-08-18,Nagpur,31.94
2023-08-18,Nashik,116.85
2023-08-18,Mumbai,101.58
2023-08-18,Aurangabad,148.41
2023-08-19,Pune,110.88
2023-08-19,Nagpur,100.35
2023-08-19,Nashik,31.93
2023-08-19,Mumbai,2.94
2023-08-19,Aurangabad,181.68
2023-08-20,Pune,65.27
2023-08-20,Nagpur,28.08
2023-08-20,Nashik,10.21
2023-08-20,Mumbai,50.36
2023-08-20,Aurangabad,179.09
2023-08-21,Pune,35.41
2023-08-21,Nagpur,79.18
2023-08-21,Nashik,17.38
2023-08-21,Mumbai,167.68
2023-08-21,Aurangabad,1.46
2023-08-22,Pune,0.07
2023-08-22,Nagpur,158.59
2023-08-22,Nashik,77.62
2023-08-22,Mumbai,20.11
2023-08-22,Aurangabad,135.55
2023-08-23,Pune,67.79
2023-08-23,Nagpur,58.39
2023-08-23,Nashik,167.03
2023-08-23,Mumbai,101.16
2023-08-23,Aurangabad,75.93
2023-08-24,Pune,159.15
2023-08-24,Nagpur,145.52
2023-08-24,Nashik,134.0
2023-08-24,Mumbai,15.41
2023-08-24,Aurangabad,4.5
2023-08-25,Pune,18.09
2023-08-25,Nagpur,199.13
2023-08-25,Nashik,106.99
2023-08-25,Mumbai,187.41
2023-08-25,Aurangabad,144.62
2023-08-26,Pune,63.56
2023-08-26,Nagpur,33.0
2023-08-26,Nashik,181.09
2023-08-26,Mumbai,90.03
2023-08-26,Aurangabad,135.13
2023-08-27,Pune,175.77
2023-08-27,Nagpur,80.27
2023-08-27,Nashik,162.87
2023-08-27,Mumbai,102.61
2023-08-27,Aurangabad,191.6
2023-08-28,Pune,120.34
2023-08-28,Nagpur,68.09
2023-08-28,Nashik,113.27
2023-08-28,Mumbai,156.39
2023-08-28,Aurangabad,23.34
2023-08-29,Pune,168.34
2023-08-29,Nagpur,131.82
2023-08-29,Nashik,68.14
2023-08-29,Mumbai,95.29
2023-08-29,Aurangabad,174.5
2023-08-30,Pune,144.63
2023-08-30,Nagpur,163.18
2023-08-30,Nashik,57.79
2023-08-30,Mumbai,98.52
2023-08-30,Aurangabad,23.33
2023-08-31,Pune,16.2
2023-08-31,Nagpur,152.4
2023-08-31,Nashik,172.46
2023-08-31,Mumbai,176.38
2023-08-31,Aurangabad,28.24
2023-09-01,Pune,36.92
2023-09-01,Nagpur,89.56
2023-09-01,Nashik,36.96
2023-09-01,Mumbai,137.95
2023-09-01,Aurangabad,195.27
2023-09-02,Pune,81.67
2023-09-02,Nagpur,109.16
2023-09-02,Nashik,62.7
2023-09-02,Mumbai,167.76
2023-09-02,Aurangabad,98.49
2023-09-03,Pune,76.97
2023-09-03,Nagpur,152.35
2023-09-03,Nashik,53.52
2023-09-03,Mumbai,193.17
2023-09-03,Aurangabad,168.65
2023-09-04,Pune,171.46
2023-09-04,Nagpur,120.08
2023-09-04,Nashik,48.69
2023-09-04,Mumbai,31.07
2023-09-04,Aurangabad,157.49
2023-09-05,Pune,151.5
2023-09-05,Nagpur,17.45
2023-09-05,Nashik,140.3
2023-09-05,Mumbai,137.83
2023-09-05,Aurangabad,12.87
2023-09-06,Pune,147.96
2023-09-06,Nagpur,12.54
2023-09-06,Nashik,33.47
2023-09-06,Mumbai,129.57
2023-09-06,Aurangabad,35.31
2023-09-07,Pune,179.21
2023-09-07,Nagpur,180.38
2023-09-07,Nashik,165.26
2023-09-07,Mumbai,33.49
2023-09-07,Aurangabad,3.62
2023-09-08,Pune,34.69
2023-09-08,Nagpur,134.92
2023-09-08,Nashik,7.82
2023-09-08,Mumbai,54.08
2023-09-08,Aurangabad,21.1
2023-09-09,Pune,21.57
2023-09-09,Nagpur,41.48
2023-09-09,Nashik,154.16
2023-09-09,Mumbai,182.94
2023-09-09,Aurangabad,82.46
2023-09-10,Pune,46.59
2023-09-10,Nagpur,93.08
2023-09-10,Nashik,158.61
2023-09-10,Mumbai,109.84
2023-09-10,Aurangabad,171.5
2023-09-11,Pune,190.87
2023-09-11,Nagpur,68.46
2023-09-11,Nashik,175.98
2023-09-11,Mumbai,1.29
2023-09-11,Aurangabad,169.39
2023-09-12,Pune,163.06
2023-09-12,Nagpur,183.98
2023-09-12,Nashik,121.28
2023-09-12,Mumbai,178.41
2023-09-12,Aurangabad,106.04
2023-09-13,Pune,48.28
2023-09-13,Nagpur,2.93
2023-09-13,Nashik,118.05
2023-09-13,Mumbai,82.87
2023-09-13,Aurangabad,148.25
2023-09-14,Pune,15.42
2023-09-14,Nagpur,154.37
2023-09-14,Nashik,72.97
2023-09-14,Mumbai,130.26
2023-09-14,Aurangabad,160.37
2023-09-15,Pune,156.25
2023-09-15,Nagpur,106.31
2023-09-15,Nashik,132.15
2023-09-15,Mumbai,44.19
2023-09-15,Aurangabad,96.96
2023-09-16,Pune,190.53
2023-09-16,Nagpur,3.75
2023-09-16,Nashik,36.25
2023-09-16,Mumbai,24.77
2023-09-16,Aurangabad,14.31
2023-09-17,Pune,71.83
2023-09-17,Nagpur,16.72
2023-09-17,Nashik,55.24
2023-09-17,Mumbai,112.04
2023-09-17,Aurangabad,60.2
2023-09-18,Pune,29.19
2023-09-18,Nagpur,183.03
2023-09-18,Nashik,186.78
2023-09-18,Mumbai,62.4
2023-09-18,Aurangabad,42.36
2023-09-19,Pune,117.15
2023-09-19,Nagpur,5.2
2023-09-19,Nashik,169.89
2023-09-19,Mumbai,181.98
2023-09-19,Aurangabad,98.43
2023-09-20,Pune,134.54
2023-09-20,Nagpur,89.52
2023-09-20,Nashik,69.08
2023-09-20,Mumbai,19.68
2023-09-20,Aurangabad,153.43
2023-09-21,Pune,23.74
2023-09-21,Nagpur,142.51
2023-09-21,Nashik,96.51
2023-09-21,Mumbai,2.78
2023-09-21,Aurangabad,166.34
2023-09-22,Pune,96.56
2023-09-22,Nagpur,111.13
2023-09-22,Nashik,174.01
2023-09-22,Mumbai,88.77
2023-09-22,Aurangabad,87.24
2023-09-23,Pune,9.56
2023-09-23,Nagpur,176.78
2023-09-23,Nashik,45.52
2023-09-23,Mumbai,85.79
2023-09-23,Aurangabad,60.07
2023-09-24,Pune,19.55
2023-09-24,Nagpur,78.03
2023-09-24,Nashik,153.63
2023-09-24,Mumbai,78.87
2023-09-24,Aurangabad,141.66
2023-09-25,Pune,188.56
2023-09-25,Nagpur,58.34
2023-09-25,Nashik,41.13
2023-09-25,Mumbai,51.64
2023-09-25,Aurangabad,148.89
2023-09-26,Pune,94.99
2023-09-26,Nagpur,156.62
2023-09-26,Nashik,0.54
2023-09-26,Mumbai,158.11
2023-09-26,Aurangabad,83.09
2023-09-27,Pune,193.75
2023-09-27,Nagpur,124.3
2023-09-27,Nashik,155.35
2023-09-27,Mumbai,62.89
2023-09-27,Aurangabad,75.81
2023-09-28,Pune,160.93
2023-09-28,Nagpur,188.2
2023-09-28,Nashik,42.85
2023-09-28,Mumbai,174.89
2023-09-28,Aurangabad,33.31
2023-09-29,Pune,73.84
2023-09-29,Nagpur,95.8
2023-09-29,Nashik,122.2
2023-09-29,Mumbai,100.75
2023-09-29,Aurangabad,28.23
2023-09-30,Pune,141.57
2023-09-30,Nagpur,5.34
2023-09-30,Nashik,135.09
2023-09-30,Mumbai,137.06
2023-09-30,Aurangabad,197.72
2023-10-01,Pune,164.71
2023-10-01,Nagpur,27.37
2023-10-01,Nashik,42.79
2023-10-01,Mumbai,88.04
2023-10-01,Aurangabad,142.23
2023-10-02,Pune,154.94
2023-10-02,Nagpur,169.72
2023-10-02,Nashik,73.46
2023-10-02,Mumbai,165.76
2023-10-02,Aurangabad,50.0
2023-10-03,Pune,25.97
2023-10-03,Nagpur,129.21
2023-10-03,Nashik,73.9
2023-10-03,Mumbai,102.77
2023-10-03,Aurangabad,41.77
2023-10-04,Pune,166.12
2023-10-04,Nagpur,40.18
2023-10-04,Nashik,9.95
2023-10-04,Mumbai,6.83
2023-10-04,Aurangabad,150.7
2023-10-05,Pune,199.78
2023-10-05,Nagpur,62.24
2023-10-05,Nashik,48.75
2023-10-05,Mumbai,136.68
2023-10-05,Aurangabad,73.32
2023-10-06,Pune,109.0
2023-10-06,Nagpur,176.65
2023-10-06,Nashik,30.9
2023-10-06,Mumbai,95.98
2023-10-06,Aurangabad,82.14
2023-10-07,Pune,132.25
2023-10-07,Nagpur,55.22
2023-10-07,Nashik,97.24
2023-10-07,Mumbai,8.19
2023-10-07,Aurangabad,170.03
2023-10-08,Pune,73.82
2023-10-08,Nagpur,171.36
2023-10-08,Nashik,163.85
2023-10-08,Mumbai,174.41
2023-10-08,Aurangabad,103.07
2023-10-09,Pune,118.46
2023-10-09,Nagpur,138.99
2023-10-09,Nashik,8.74
2023-10-09,Mumbai,124.46
2023-10-09,Aurangabad,160.26
2023-10-10,Pune,151.39
2023-10-10,Nagpur,192.31
2023-10-10,Nashik,173.73
2023-10-10,Mumbai,103.9
2023-10-10,Aurangabad,126.48
2023-10-11,Pune,2.71
2023-10-11,Nagpur,181.97
2023-10-11,Nashik,199.37
2023-10-11,Mumbai,98.95
2023-10-11,Aurangabad,129.48
2023-10-12,Pune,166.18
2023-10-12,Nagpur,61.26
2023-10-12,Nashik,173.85
2023-10-12,Mumbai,94.28
2023-10-12,Aurangabad,151.72
2023-10-13,Pune,183.34
2023-10-13,Nagpur,56.61
2023-10-13,Nashik,50.67
2023-10-13,Mumbai,175.47
2023-10-13,Aurangabad,14.62
2023-10-14,Pune,80.08
2023-10-14,Nagpur,99.54
2023-10-14,Nashik,118.16
2023-10-14,Mumbai,109.26
2023-10-14,Aurangabad,157.38
2023-10-15,Pune,184.39
2023-10-15,Nagpur,164.77
2023-10-15,Nashik,121.69
2023-10-15,Mumbai,122.37
2023-10-15,Aurangabad,176.51
2023-10-16,Pune,186.94
2023-10-16,Nagpur,190.58
2023-10-16,Nashik,153.12
2023-10-16,Mumbai,52.45
2023-10-16,Aurangabad,115.82
2023-10-17,Pune,192.82
2023-10-17,Nagpur,199.26
2023-10-17,Nashik,31.02
2023-10-17,Mumbai,112.35
2023-10-17,Aurangabad,126.24
2023-10-18,Pune,41.9
2023-10-18,Nagpur,135.96
2023-10-18,Nashik,36.47
2023-10-18,Mumbai,130.91
2023-10-18,Aurangabad,86.74
2023-10-19,Pune,15.91
2023-10-19,Nagpur,5.93
2023-10-19,Nashik,189.46
2023-10-19,Mumbai,186.07
2023-10-19,Aurangabad,117.27
2023-10-20,Pune,106.69
2023-10-20,Nagpur,162.98
2023-10-20,Nashik,127.8
2023-10-20,Mumbai,198.01
2023-10-20,Aurangabad,127.36
2023-10-21,Pune,104.49
2023-10-21,Nagpur,84.26
2023-10-21,Nashik,46.39
2023-10-21,Mumbai,155.68
2023-10-21,Aurangabad,190.76
2023-10-22,Pune,190.26
2023-10-22,Nagpur,121.53
2023-10-22,Nashik,158.14
2023-10-22,Mumbai,87.35
2023-10-22,Aurangabad,84.76
2023-10-23,Pune,199.4
2023-10-23,Nagpur,127.64
2023-10-23,Nashik,198.19
2023-10-23,Mumbai,199.99
2023-10-23,Aurangabad,134.06
2023-10-24,Pune,96.73
2023-10-24,Nagpur,50.03
2023-10-24,Nashik,57.87
2023-10-24,Mumbai,78.09
2023-10-24,Aurangabad,173.69
2023-10-25,Pune,21.85
2023-10-25,Nagpur,119.48
2023-10-25,Nashik,148.36
2023-10-25,Mumbai,180.98
2023-10-25,Aurangabad,145.37
2023-10-26,Pune,95.64
2023-10-26,Nagpur,146.65
2023-10-26,Nashik,98.96
2023-10-26,Mumbai,99.78
2023-10-26,Aurangabad,188.22
2023-10-27,Pune,144.18
2023-10-27,Nagpur,180.39
2023-10-27,Nashik,183.95
2023-10-27,Mumbai,191.08
2023-10-27,Aurangabad,84.11
2023-10-28,Pune,101.39
2023-10-28,Nagpur,59.06
2023-10-28,Nashik,138.27
2023-10-28,Mumbai,163.78
2023-10-28,Aurangabad,48.29
2023-10-29,Pune,175.2
2023-10-29,Nagpur,17.0
2023-10-29,Nashik,194.89
2023-10-29,Mumbai,135.39
2023-10-29,Aurangabad,167.81
2023-10-30,Pune,27.85
2023-10-30,Nagpur,58.57
2023-10-30,Nashik,134.64
2023-10-30,Mumbai,81.83
2023-10-30,Aurangabad,98.28
2023-10-31,Pune,146.6
2023-10-31,Nagpur,117.94
2023-10-31,Nashik,34.56
2023-10-31,Mumbai,88.83
2023-10-31,Aurangabad,119.74
2023-11-01,Pune,178.21
2023-11-01,Nagpur,39.88
2023-11-01,Nashik,92.63
2023-11-01,Mumbai,199.89
2023-11-01,Aurangabad,196.17
2023-11-02,Pune,85.77
2023-11-02,Nagpur,185.65
2023-11-02,Nashik,176.39
2023-11-02,Mumbai,82.72
2023-11-02,Aurangabad,180.58
2023-11-03,Pune,154.41
2023-11-03,Nagpur,61.93
2023-11-03,Nashik,127.12
2023-11-03,Mumbai,66.5
2023-11-03,Aurangabad,143.94
2023-11-04,Pune,181.91
2023-11-04,Nagpur,42.44
2023-11-04,Nashik,12.31
2023-11-04,Mumbai,139.32
2023-11-04,Aurangabad,0.67
2023-11-05,Pune,31.83
2023-11-05,Nagpur,79.87
2023-11-05,Nashik,44.83
2023-11-05,Mumbai,192.72
2023-11-05,Aurangabad,38.66
2023-11-06,Pune,31.44
2023-11-06,Nagpur,115.08
2023-11-06,Nashik,158.78
2023-11-06,Mumbai,161.93
2023-11-06,Aurangabad,37.55
2023-11-07,Pune,43.23
2023-11-07,Nagpur,85.91
2023-11-07,Nashik,172.83
2023-11-07,Mumbai,108.91
2023-11-07,Aurangabad,162.04
2023-11-08,Pune,53.65
2023-11-08,Nagpur,179.2
2023-11-08,Nashik,115.62
2023-11-08,Mumbai,134.07
2023-11-08,Aurangabad,94.87
2023-11-09,Pune,150.59
2023-11-09,Nagpur,13.74
2023-11-09,Nashik,125.82
2023-11-09,Mumbai,192.32
2023-11-09,Aurangabad,59.25
2023-11-10,Pune,71.12
2023-11-10,Nagpur,45.63
2023-11-10,Nashik,110.03
2023-11-10,Mumbai,179.89
2023-11-10,Aurangabad,109.62
2023-11-11,Pune,131.86
2023-11-11,Nagpur,115.52
2023-11-11,Nashik,170.44
2023-11-11,Mumbai,59.94
2023-11-11,Aurangabad,90.25
2023-11-12,Pune,59.14
2023-11-12,Nagpur,135.51
2023-11-12,Nashik,51.09
2023-11-12,Mumbai,137.76
2023-11-12,Aurangabad,120.52
2023-11-13,Pune,89.84
2023-11-13,Nagpur,13.1
2023-11-13,Nashik,167.25
2023-11-13,Mumbai,134.35
2023-11-13,Aurangabad,69.68
2023-11-14,Pune,108.68
2023-11-14,Nagpur,14.57
2023-11-14,Nashik,22.66
2023-11-14,Mumbai,2.63
2023-11-14,Aurangabad,78.32
2023-11-15,Pune,11.88
2023-11-15,Nagpur,103.27
2023-11-15,Nashik,37.76
2023-11-15,Mumbai,61.16
2023-11-15,Aurangabad,155.24
2023-11-16,Pune,77.09
2023-11-16,Nagpur,189.27
2023-11-16,Nashik,48.5
2023-11-16,Mumbai,70.55
2023-11-16,Aurangabad,84.97
2023-11-17,Pune,22.0
2023-11-17,Nagpur,27.36
2023-11-17,Nashik,148.77
2023-11-17,Mumbai,148.63
2023-11-17,Aurangabad,125.3
2023-11-18,Pune,112.77
2023-11-18,Nagpur,177.77
2023-11-18,Nashik,147.97
2023-11-18,Mumbai,76.81
2023-11-18,Aurangabad,110.87
2023-11-19,Pune,94.2
2023-11-19,Nagpur,33.91
2023-11-19,Nashik,116.73
2023-11-19,Mumbai,173.39
2023-11-19,Aurangabad,138.37
2023-11-20,Pune,102.42
2023-11-20,Nagpur,181.47
2023-11-20,Nashik,39.32
2023-11-20,Mumbai,175.93
2023-11-20,Aurangabad,125.71
2023-11-21,Pune,168.32
2023-11-21,Nagpur,119.28
2023-11-21,Nashik,39.33
2023-11-21,Mumbai,183.49
2023-11-21,Aurangabad,182.12
2023-11-22,Pune,15.34
2023-11-22,Nagpur,146.34
2023-11-22,Nashik,17.36
2023-11-22,Mumbai,131.96
2023-11-22,Aurangabad,168.14
2023-11-23,Pune,88.03
2023-11-23,Nagpur,156.59
2023-11-23,Nashik,75.24
2023-11-23,Mumbai,175.26
2023-11-23,Aurangabad,88.97
2023-11-24,Pune,188.0
2023-11-24,Nagpur,90.62
2023-11-24,Nashik,194.64
2023-11-24,Mumbai,135.3
2023-11-24,Aurangabad,125.23
2023-11-25,Pune,61.6
2023-11-25,Nagpur,32.57
2023-11-25,Nashik,60.86
2023-11-25,Mumbai,35.12
2023-11-25,Aurangabad,87.04
2023-11-26,Pune,155.25
2023-11-26,Nagpur,77.64
2023-11-26,Nashik,163.5
2023-11-26,Mumbai,20.58
2023-11-26,Aurangabad,59.93
2023-11-27,Pune,48.92
2023-11-27,Nagpur,59.32
2023-11-27,Nashik,193.86
2023-11-27,Mumbai,185.62
2023-11-27,Aurangabad,57.36
2023-11-28,Pune,87.3
2023-11-28,Nagpur,142.5
2023-11-28,Nashik,7.96
2023-11-28,Mumbai,197.84
2023-11-28,Aurangabad,18.77
2023-11-29,Pune,180.34
2023-11-29,Nagpur,182.79
2023-11-29,Nashik,56.93
2023-11-29,Mumbai,165.97
2023-11-29,Aurangabad,13.16
2023-11-30,Pune,73.12
2023-11-30,Nagpur,40.74
2023-11-30,Nashik,145.2
2023-11-30,Mumbai,130.46
2023-11-30,Aurangabad,46.91
2023-12-01,Pune,129.21
2023-12-01,Nagpur,20.33
2023-12-01,Nashik,91.05
2023-12-01,Mumbai,106.88
2023-12-01,Aurangabad,48.29
2023-12-02,Pune,92.52
2023-12-02,Nagpur,7.05
2023-12-02,Nashik,123.31
2023-12-02,Mumbai,55.12
2023-12-02,Aurangabad,124.08
2023-12-03,Pune,48.62
2023-12-03,Nagpur,51.4
2023-12-03,Nashik,37.01
2023-12-03,Mumbai,31.23
2023-12-03,Aurangabad,8.74
2023-12-04,Pune,161.37
2023-12-04,Nagpur,30.91
2023-12-04,Nashik,81.36
2023-12-04,Mumbai,42.5
2023-12-04,Aurangabad,25.19
2023-12-05,Pune,150.24
2023-12-05,Nagpur,68.75
2023-12-05,Nashik,148.96
2023-12-05,Mumbai,192.37
2023-12-05,Aurangabad,7.3
2023-12-06,Pune,86.54
2023-12-06,Nagpur,96.25
2023-12-06,Nashik,28.77
2023-12-06,Mumbai,187.86
2023-12-06,Aurangabad,136.42
2023-12-07,Pune,83.65
2023-12-07,Nagpur,73.7
2023-12-07,Nashik,54.9
2023-12-07,Mumbai,119.08
2023-12-07,Aurangabad,138.54
2023-12-08,Pune,48.08
2023-12-08,Nagpur,119.71
2023-12-08,Nashik,37.76
2023-12-08,Mumbai,133.06
2023-12-08,Aurangabad,74.11
2023-12-09,Pune,116.04
2023-12-09,Nagpur,26.09
2023-12-09,Nashik,178.56
2023-12-09,Mumbai,64.39
2023-12-09,Aurangabad,58.78
2023-12-10,Pune,26.14
2023-12-10,Nagpur,29.83
2023-12-10,Nashik,4.57
2023-12-10,Mumbai,70.31
2023-12-10,Aurangabad,156.33
2023-12-11,Pune,152.8
2023-12-11,Nagpur,46.93
2023-12-11,Nashik,77.55
2023-12-11,Mumbai,83.57
2023-12-11,Aurangabad,198.86
2023-12-12,Pune,61.42
2023-12-12,Nagpur,110.07
2023-12-12,Nashik,48.88
2023-12-12,Mumbai,62.48
2023-12-12,Aurangabad,187.7
2023-12-13,Pune,133.65
2023-12-13,Nagpur,11.89
2023-12-13,Nashik,12.11
2023-12-13,Mumbai,78.75
2023-12-13,Aurangabad,191.71
2023-12-14,Pune,156.6
2023-12-14,Nagpur,189.3
2023-12-14,Nashik,150.42
2023-12-14,Mumbai,14.1
2023-12-14,Aurangabad,59.11
2023-12-15,Pune,167.99
2023-12-15,Nagpur,131.19
2023-12-15,Nashik,145.89
2023-12-15,Mumbai,178.96
2023-12-15,Aurangabad,145.43
2023-12-16,Pune,81.63
2023-12-16,Nagpur,97.19
2023-12-16,Nashik,143.14
2023-12-16,Mumbai,90.31
2023-12-16,Aurangabad,123.36
2023-12-17,Pune,101.48
2023-12-17,Nagpur,125.43
2023-12-17,Nashik,92.13
2023-12-17,Mumbai,48.08
2023-12-17,Aurangabad,56.68
2023-12-18,Pune,108.88
2023-12-18,Nagpur,120.93
2023-12-18,Nashik,53.82
2023-12-18,Mumbai,121.01
2023-12-18,Aurangabad,169.27
2023-12-19,Pune,191.82
2023-12-19,Nagpur,25.19
2023-12-19,Nashik,69.83
2023-12-19,Mumbai,95.92
2023-12-19,Aurangabad,57.35
2023-12-20,Pune,190.62
2023-12-20,Nagpur,8.91
2023-12-20,Nashik,71.69
2023-12-20,Mumbai,192.94
2023-12-20,Aurangabad,49.6
2023-12-21,Pune,101.97
2023-12-21,Nagpur,123.73
2023-12-21,Nashik,30.36
2023-12-21,Mumbai,37.36
2023-12-21,Aurangabad,25.31
2023-12-22,Pune,175.41
2023-12-22,Nagpur,187.24
2023-12-22,Nashik,179.32
2023-12-22,Mumbai,26.08
2023-12-22,Aurangabad,27.8
2023-12-23,Pune,193.95
2023-12-23,Nagpur,74.56
2023-12-23,Nashik,39.99
2023-12-23,Mumbai,90.09
2023-12-23,Aurangabad,11.21
2023-12-24,Pune,84.37
2023-12-24,Nagpur,23.37
2023-12-24,Nashik,50.03
2023-12-24,Mumbai,142.86
2023-12-24,Aurangabad,136.52
2023-12-25,Pune,70.15
2023-12-25,Nagpur,47.52
2023-12-25,Nashik,84.37
2023-12-25,Mumbai,110.39
2023-12-25,Aurangabad,24.18
2023-12-26,Pune,39.36
2023-12-26,Nagpur,127.55
2023-12-26,Nashik,112.48
2023-12-26,Mumbai,99.64
2023-12-26,Aurangabad,104.54
2023-12-27,Pune,9.71
2023-12-27,Nagpur,90.96
2023-12-27,Nashik,36.7
2023-12-27,Mumbai,29.11
2023-12-27,Aurangabad,108.42
2023-12-28,Pune,161.35
2023-12-28,Nagpur,7.61
2023-12-28,Nashik,102.06
2023-12-28,Mumbai,27.68
2023-12-28,Aurangabad,157.58
2023-12-29,Pune,198.47
2023-12-29,Nagpur,83.04
2023-12-29,Nashik,127.9
2023-12-29,Mumbai,55.16
2023-12-29,Aurangabad,166.62
2023-12-30,Pune,175.38
2023-12-30,Nagpur,58.7
2023-12-30,Nashik,24.82
2023-12-30,Mumbai,188.67
2023-12-30,Aurangabad,91.57
2023-12-31,Pune,142.57
2023-12-31,Nagpur,86.44
2023-12-31,Nashik,159.85
2023-12-31,Mumbai,4.15
2023-12-31,Aurangabad,19.14
