Date,Reservoir Name,District,Inflow (MLD),Outflow (MLD),Storage Capacity (MLD),Current Level (MLD)
2023-01-01,Koyna Dam,Satara,2177,1224,200000,196997
2023-01-01,Bhatsa Dam,Thane,1838,1420,180000,150433
2023-01-01,Ujjani Dam,Solapur,1546,1111,170000,166792
2023-01-01,Jayakwadi Dam,Aurangabad,1558,2406,290000,200127
2023-01-01,Mulshi Dam,Pune,1643,2436,160000,158267
2023-01-02,Koyna Dam,Satara,1648,1614,200000,152750
2023-01-02,Bhatsa Dam,Thane,1051,1247,180000,167766
2023-01-02,Ujjani Dam,Solapur,2964,1668,170000,153814
2023-01-02,Jayakwadi Dam,Aurangabad,2478,892,290000,217839
2023-01-02,Mulshi Dam,Pune,2213,2189,160000,150864
2023-01-03,Koyna Dam,Satara,1228,2285,200000,187433
2023-01-03,Bhatsa Dam,Thane,2638,2093,180000,153563
2023-01-03,Ujjani Dam,Solapur,2731,1390,170000,158077
2023-01-03,Jayakwadi Dam,Aurangabad,2065,1295,290000,285639
2023-01-03,Mulshi Dam,Pune,1420,2013,160000,153451
2023-01-04,Koyna Dam,Satara,2177,2125,200000,193799
2023-01-04,Bhatsa Dam,Thane,1714,1686,180000,162651
2023-01-04,Ujjani Dam,Solapur,2106,1774,170000,154217
2023-01-04,Jayakwadi Dam,Aurangabad,1103,1748,290000,251205
2023-01-04,Mulshi Dam,Pune,1565,2039,160000,154158
2023-01-05,Koyna Dam,Satara,2941,818,200000,152179
2023-01-05,Bhatsa Dam,Thane,1314,2230,180000,150407
2023-01-05,Ujjani Dam,Solapur,1061,1057,170000,150065
2023-01-05,Jayakwadi Dam,Aurangabad,1444,1636,290000,210025
2023-01-05,Mulshi Dam,Pune,1065,1693,160000,154650
2023-01-06,Koyna Dam,Satara,2258,1654,200000,170176
2023-01-06,Bhatsa Dam,Thane,2236,1039,180000,172177
2023-01-06,Ujjani Dam,Solapur,1733,1413,170000,155254
2023-01-06,Jayakwadi Dam,Aurangabad,1994,1739,290000,200097
2023-01-06,Mulshi Dam,Pune,1531,1735,160000,158792
2023-01-07,Koyna Dam,Satara,1866,1213,200000,174712
2023-01-07,Bhatsa Dam,Thane,2850,1836,180000,171567
2023-01-07,Ujjani Dam,Solapur,2877,2479,170000,161994
2023-01-07,Jayakwadi Dam,Aurangabad,1250,1530,290000,160532
2023-01-07,Mulshi Dam,Pune,2935,1729,160000,155584
2023-01-08,Koyna Dam,Satara,1253,2424,200000,157899
2023-01-08,Bhatsa Dam,Thane,2704,2018,180000,176923
2023-01-08,Ujjani Dam,Solapur,1216,2329,170000,151151
2023-01-08,Jayakwadi Dam,Aurangabad,1281,2437,290000,221008
2023-01-08,Mulshi Dam,Pune,2481,1791,160000,157309
2023-01-09,Koyna Dam,Satara,2375,1349,200000,171578
2023-01-09,Bhatsa Dam,Thane,2604,1298,180000,167548
2023-01-09,Ujjani Dam,Solapur,2472,955,170000,166383
2023-01-09,Jayakwadi Dam,Aurangabad,1560,1337,290000,266079
2023-01-09,Mulshi Dam,Pune,2063,2252,160000,156842
2023-01-10,Koyna Dam,Satara,1313,1644,200000,162047
2023-01-10,Bhatsa Dam,Thane,2696,1885,180000,172624
2023-01-10,Ujjani Dam,Solapur,2131,1391,170000,159617
2023-01-10,Jayakwadi Dam,Aurangabad,2997,2353,290000,275729
2023-01-10,Mulshi Dam,Pune,1389,2254,160000,155260
2023-01-11,Koyna Dam,Satara,1931,859,200000,186500
2023-01-11,Bhatsa Dam,Thane,2479,2261,180000,164522
2023-01-11,Ujjani Dam,Solapur,2844,1925,170000,169106
2023-01-11,Jayakwadi Dam,Aurangabad,1967,1243,290000,171024
2023-01-11,Mulshi Dam,Pune,2342,1098,160000,151766
2023-01-12,Koyna Dam,Satara,1373,2376,200000,152484
2023-01-12,Bhatsa Dam,Thane,2898,2078,180000,162456
2023-01-12,Ujjani Dam,Solapur,1942,1041,170000,163731
2023-01-12,Jayakwadi Dam,Aurangabad,1570,1535,290000,199076
2023-01-12,Mulshi Dam,Pune,2056,1229,160000,154180
2023-01-13,Koyna Dam,Satara,1498,1210,200000,195597
2023-01-13,Bhatsa Dam,Thane,2121,1359,180000,170127
2023-01-13,Ujjani Dam,Solapur,1851,2007,170000,165072
2023-01-13,Jayakwadi Dam,Aurangabad,1517,1501,290000,256104
2023-01-13,Mulshi Dam,Pune,1015,1391,160000,152538
2023-01-14,Koyna Dam,Satara,2507,980,200000,177927
2023-01-14,Bhatsa Dam,Thane,1264,851,180000,173619
2023-01-14,Ujjani Dam,Solapur,1413,1179,170000,164150
2023-01-14,Jayakwadi Dam,Aurangabad,2166,1016,290000,179179
2023-01-14,Mulshi Dam,Pune,1919,2391,160000,154838
2023-01-15,Koyna Dam,Satara,1322,1366,200000,177665
2023-01-15,Bhatsa Dam,Thane,2878,1677,180000,155528
2023-01-15,Ujjani Dam,Solapur,2978,1746,170000,164834
2023-01-15,Jayakwadi Dam,Aurangabad,2245,1808,290000,216192
2023-01-15,Mulshi Dam,Pune,1011,1735,160000,151700
2023-01-16,Koyna Dam,Satara,2217,2046,200000,195528
2023-01-16,Bhatsa Dam,Thane,2610,869,180000,162179
2023-01-16,Ujjani Dam,Solapur,1030,2022,170000,161556
2023-01-16,Jayakwadi Dam,Aurangabad,2546,1805,290000,275672
2023-01-16,Mulshi Dam,Pune,1798,1775,160000,150915
2023-01-17,Koyna Dam,Satara,1324,1770,200000,172471
2023-01-17,Bhatsa Dam,Thane,1253,2470,180000,167390
2023-01-17,Ujjani Dam,Solapur,2829,2450,170000,150774
2023-01-17,Jayakwadi Dam,Aurangabad,2633,1280,290000,260949
2023-01-17,Mulshi Dam,Pune,1096,1373,160000,150315
2023-01-18,Koyna Dam,Satara,2434,1512,200000,172276
2023-01-18,Bhatsa Dam,Thane,1905,1308,180000,158702
2023-01-18,Ujjani Dam,Solapur,2043,901,170000,155696
2023-01-18,Jayakwadi Dam,Aurangabad,2879,825,290000,239238
2023-01-18,Mulshi Dam,Pune,1950,2487,160000,155846
2023-01-19,Koyna Dam,Satara,1823,1047,200000,183750
2023-01-19,Bhatsa Dam,Thane,1613,2243,180000,175753
2023-01-19,Ujjani Dam,Solapur,2192,1874,170000,160737
2023-01-19,Jayakwadi Dam,Aurangabad,2357,1586,290000,159302
2023-01-19,Mulshi Dam,Pune,1919,1332,160000,154593
2023-01-20,Koyna Dam,Satara,1836,2037,200000,168029
2023-01-20,Bhatsa Dam,Thane,1429,1477,180000,152563
2023-01-20,Ujjani Dam,Solapur,2078,1941,170000,161615
2023-01-20,Jayakwadi Dam,Aurangabad,1951,1812,290000,267778
2023-01-20,Mulshi Dam,Pune,1883,1747,160000,154884
2023-01-21,Koyna Dam,Satara,1056,1921,200000,169789
2023-01-21,Bhatsa Dam,Thane,1590,1281,180000,160179
2023-01-21,Ujjani Dam,Solapur,2670,2124,170000,165305
2023-01-21,Jayakwadi Dam,Aurangabad,2525,1478,290000,289258
2023-01-21,Mulshi Dam,Pune,1269,1009,160000,158069
2023-01-22,Koyna Dam,Satara,2739,859,200000,195235
2023-01-22,Bhatsa Dam,Thane,2299,2085,180000,156588
2023-01-22,Ujjani Dam,Solapur,1830,1063,170000,155111
2023-01-22,Jayakwadi Dam,Aurangabad,2517,842,290000,267176
2023-01-22,Mulshi Dam,Pune,1828,1277,160000,151512
2023-01-23,Koyna Dam,Satara,1909,1264,200000,199929
2023-01-23,Bhatsa Dam,Thane,1174,1392,180000,164968
2023-01-23,Ujjani Dam,Solapur,2568,1166,170000,158796
2023-01-23,Jayakwadi Dam,Aurangabad,1457,2181,290000,253323
2023-01-23,Mulshi Dam,Pune,1858,1810,160000,150701
2023-01-24,Koyna Dam,Satara,1268,1421,200000,182409
2023-01-24,Bhatsa Dam,Thane,2936,1135,180000,179952
2023-01-24,Ujjani Dam,Solapur,1270,1624,170000,150773
2023-01-24,Jayakwadi Dam,Aurangabad,2272,1710,290000,281782
2023-01-24,Mulshi Dam,Pune,2573,1638,160000,159684
2023-01-25,Koyna Dam,Satara,1861,1204,200000,191654
2023-01-25,Bhatsa Dam,Thane,1036,1101,180000,159973
2023-01-25,Ujjani Dam,Solapur,1497,1313,170000,160490
2023-01-25,Jayakwadi Dam,Aurangabad,1658,1255,290000,154090
2023-01-25,Mulshi Dam,Pune,1125,2497,160000,154072
2023-01-26,Koyna Dam,Satara,2967,1742,200000,198744
2023-01-26,Bhatsa Dam,Thane,1702,2460,180000,157207
2023-01-26,Ujjani Dam,Solapur,1817,2221,170000,155005
2023-01-26,Jayakwadi Dam,Aurangabad,1288,2063,290000,155265
2023-01-26,Mulshi Dam,Pune,2952,1591,160000,155682
2023-01-27,Koyna Dam,Satara,2806,2161,200000,177495
2023-01-27,Bhatsa Dam,Thane,2211,1848,180000,165797
2023-01-27,Ujjani Dam,Solapur,2028,829,170000,169750
2023-01-27,Jayakwadi Dam,Aurangabad,2646,1642,290000,169019
2023-01-27,Mulshi Dam,Pune,2500,2476,160000,157268
2023-01-28,Koyna Dam,Satara,2024,1894,200000,168915
2023-01-28,Bhatsa Dam,Thane,2103,1780,180000,164780
2023-01-28,Ujjani Dam,Solapur,1633,1674,170000,167651
2023-01-28,Jayakwadi Dam,Aurangabad,2318,824,290000,176269
2023-01-28,Mulshi Dam,Pune,1007,2332,160000,154262
2023-01-29,Koyna Dam,Satara,1671,1294,200000,164791
2023-01-29,Bhatsa Dam,Thane,2446,2499,180000,178431
2023-01-29,Ujjani Dam,Solapur,2929,959,170000,152152
2023-01-29,Jayakwadi Dam,Aurangabad,1295,894,290000,252281
2023-01-29,Mulshi Dam,Pune,2443,2181,160000,159695
2023-01-30,Koyna Dam,Satara,1195,2357,200000,189149
2023-01-30,Bhatsa Dam,Thane,2513,2320,180000,178358
2023-01-30,Ujjani Dam,Solapur,1699,1400,170000,160783
2023-01-30,Jayakwadi Dam,Aurangabad,1126,1736,290000,227376
2023-01-30,Mulshi Dam,Pune,1051,1130,160000,150705
2023-01-31,Koyna Dam,Satara,2249,1539,200000,197434
2023-01-31,Bhatsa Dam,Thane,1799,2035,180000,151432
2023-01-31,Ujjani Dam,Solapur,1390,1871,170000,155575
2023-01-31,Jayakwadi Dam,Aurangabad,1411,1200,290000,239483
2023-01-31,Mulshi Dam,Pune,2278,1450,160000,150491
2023-02-01,Koyna Dam,Satara,2129,1498,200000,154101
2023-02-01,Bhatsa Dam,Thane,1106,1842,180000,178895
2023-02-01,Ujjani Dam,Solapur,1506,1655,170000,162225
2023-02-01,Jayakwadi Dam,Aurangabad,1084,1161,290000,150374
2023-02-01,Mulshi Dam,Pune,1558,2448,160000,152972
2023-02-02,Koyna Dam,Satara,1459,2122,200000,163055
2023-02-02,Bhatsa Dam,Thane,1867,2152,180000,178975
2023-02-02,Ujjani Dam,Solapur,1535,2117,170000,152500
2023-02-02,Jayakwadi Dam,Aurangabad,1240,991,290000,162794
2023-02-02,Mulshi Dam,Pune,2189,1726,160000,157250
2023-02-03,Koyna Dam,Satara,2613,2116,200000,170672
2023-02-03,Bhatsa Dam,Thane,2512,1283,180000,164653
2023-02-03,Ujjani Dam,Solapur,2516,1934,170000,165686
2023-02-03,Jayakwadi Dam,Aurangabad,2782,942,290000,154376
2023-02-03,Mulshi Dam,Pune,1103,1615,160000,154036
2023-02-04,Koyna Dam,Satara,2142,1729,200000,185788
2023-02-04,Bhatsa Dam,Thane,2763,1135,180000,159714
2023-02-04,Ujjani Dam,Solapur,2910,1726,170000,152945
2023-02-04,Jayakwadi Dam,Aurangabad,2734,908,290000,175194
2023-02-04,Mulshi Dam,Pune,2857,1236,160000,153258
2023-02-05,Koyna Dam,Satara,1622,2049,200000,156440
2023-02-05,Bhatsa Dam,Thane,1119,2494,180000,176762
2023-02-05,Ujjani Dam,Solapur,1580,1918,170000,157514
2023-02-05,Jayakwadi Dam,Aurangabad,1659,1533,290000,212527
2023-02-05,Mulshi Dam,Pune,2389,1869,160000,153464
2023-02-06,Koyna Dam,Satara,1063,1582,200000,150679
2023-02-06,Bhatsa Dam,Thane,2806,1888,180000,161781
2023-02-06,Ujjani Dam,Solapur,2314,2240,170000,168392
2023-02-06,Jayakwadi Dam,Aurangabad,1909,1692,290000,287324
2023-02-06,Mulshi Dam,Pune,2799,2038,160000,153159
2023-02-07,Koyna Dam,Satara,2746,1904,200000,177054
2023-02-07,Bhatsa Dam,Thane,1303,1201,180000,156920
2023-02-07,Ujjani Dam,Solapur,1312,1239,170000,155687
2023-02-07,Jayakwadi Dam,Aurangabad,2229,863,290000,220520
2023-02-07,Mulshi Dam,Pune,1137,901,160000,150548
2023-02-08,Koyna Dam,Satara,1288,2282,200000,194928
2023-02-08,Bhatsa Dam,Thane,2894,2368,180000,152235
2023-02-08,Ujjani Dam,Solapur,2389,2366,170000,156575
2023-02-08,Jayakwadi Dam,Aurangabad,2486,2262,290000,188239
2023-02-08,Mulshi Dam,Pune,2328,1399,160000,153121
2023-02-09,Koyna Dam,Satara,2243,2167,200000,182941
2023-02-09,Bhatsa Dam,Thane,1507,851,180000,176442
2023-02-09,Ujjani Dam,Solapur,1357,1056,170000,151626
2023-02-09,Jayakwadi Dam,Aurangabad,2109,1618,290000,155839
2023-02-09,Mulshi Dam,Pune,2911,1452,160000,157253
2023-02-10,Koyna Dam,Satara,2891,1248,200000,175633
2023-02-10,Bhatsa Dam,Thane,1119,1698,180000,156334
2023-02-10,Ujjani Dam,Solapur,2657,1733,170000,159602
2023-02-10,Jayakwadi Dam,Aurangabad,2444,2407,290000,151693
2023-02-10,Mulshi Dam,Pune,2524,2377,160000,158310
2023-02-11,Koyna Dam,Satara,2274,2137,200000,192235
2023-02-11,Bhatsa Dam,Thane,1156,974,180000,157551
2023-02-11,Ujjani Dam,Solapur,2475,2192,170000,158838
2023-02-11,Jayakwadi Dam,Aurangabad,2090,2288,290000,194170
2023-02-11,Mulshi Dam,Pune,1707,906,160000,158377
2023-02-12,Koyna Dam,Satara,1191,2314,200000,156585
2023-02-12,Bhatsa Dam,Thane,2201,1119,180000,165620
2023-02-12,Ujjani Dam,Solapur,1801,2019,170000,166096
2023-02-12,Jayakwadi Dam,Aurangabad,2244,2138,290000,156703
2023-02-12,Mulshi Dam,Pune,2899,1874,160000,156610
2023-02-13,Koyna Dam,Satara,2719,2262,200000,181852
2023-02-13,Bhatsa Dam,Thane,1460,1189,180000,168273
2023-02-13,Ujjani Dam,Solapur,2899,2270,170000,168358
2023-02-13,Jayakwadi Dam,Aurangabad,1888,942,290000,270388
2023-02-13,Mulshi Dam,Pune,2871,2001,160000,154620
2023-02-14,Koyna Dam,Satara,1753,1586,200000,156935
2023-02-14,Bhatsa Dam,Thane,2753,1675,180000,162983
2023-02-14,Ujjani Dam,Solapur,2004,2322,170000,152968
2023-02-14,Jayakwadi Dam,Aurangabad,2443,1251,290000,163717
2023-02-14,Mulshi Dam,Pune,2184,1898,160000,159007
2023-02-15,Koyna Dam,Satara,1447,2403,200000,175451
2023-02-15,Bhatsa Dam,Thane,2516,1090,180000,154323
2023-02-15,Ujjani Dam,Solapur,2480,1726,170000,154009
2023-02-15,Jayakwadi Dam,Aurangabad,1695,1503,290000,216766
2023-02-15,Mulshi Dam,Pune,2254,1107,160000,153349
2023-02-16,Koyna Dam,Satara,2538,2112,200000,186864
2023-02-16,Bhatsa Dam,Thane,2384,1490,180000,150565
2023-02-16,Ujjani Dam,Solapur,2065,1063,170000,164175
2023-02-16,Jayakwadi Dam,Aurangabad,1279,1348,290000,233246
2023-02-16,Mulshi Dam,Pune,1522,1573,160000,154180
2023-02-17,Koyna Dam,Satara,2455,1549,200000,171761
2023-02-17,Bhatsa Dam,Thane,1617,1978,180000,178251
2023-02-17,Ujjani Dam,Solapur,1675,1533,170000,166872
2023-02-17,Jayakwadi Dam,Aurangabad,2729,1559,290000,214753
2023-02-17,Mulshi Dam,Pune,2834,1268,160000,159725
2023-02-18,Koyna Dam,Satara,1894,2242,200000,197506
2023-02-18,Bhatsa Dam,Thane,2085,1200,180000,162692
2023-02-18,Ujjani Dam,Solapur,1946,2360,170000,152329
2023-02-18,Jayakwadi Dam,Aurangabad,2155,978,290000,167328
2023-02-18,Mulshi Dam,Pune,2210,2070,160000,158764
2023-02-19,Koyna Dam,Satara,1179,2324,200000,162017
2023-02-19,Bhatsa Dam,Thane,1991,1743,180000,172638
2023-02-19,Ujjani Dam,Solapur,1935,1703,170000,154691
2023-02-19,Jayakwadi Dam,Aurangabad,2861,1381,290000,199149
2023-02-19,Mulshi Dam,Pune,2537,2377,160000,159776
2023-02-20,Koyna Dam,Satara,2899,2246,200000,173019
2023-02-20,Bhatsa Dam,Thane,2721,1332,180000,164334
2023-02-20,Ujjani Dam,Solapur,1009,1207,170000,159886
2023-02-20,Jayakwadi Dam,Aurangabad,1986,981,290000,160531
2023-02-20,Mulshi Dam,Pune,1780,833,160000,156609
2023-02-21,Koyna Dam,Satara,2083,2328,200000,153957
2023-02-21,Bhatsa Dam,Thane,2755,957,180000,160027
2023-02-21,Ujjani Dam,Solapur,1776,909,170000,152256
2023-02-21,Jayakwadi Dam,Aurangabad,1711,1944,290000,287084
2023-02-21,Mulshi Dam,Pune,2206,1286,160000,151053
2023-02-22,Koyna Dam,Satara,1415,1107,200000,172249
2023-02-22,Bhatsa Dam,Thane,1838,2274,180000,155600
2023-02-22,Ujjani Dam,Solapur,1304,1173,170000,167454
2023-02-22,Jayakwadi Dam,Aurangabad,1099,1039,290000,184852
2023-02-22,Mulshi Dam,Pune,2194,2489,160000,154737
2023-02-23,Koyna Dam,Satara,2667,1781,200000,186993
2023-02-23,Bhatsa Dam,Thane,2887,2095,180000,156643
2023-02-23,Ujjani Dam,Solapur,2152,1668,170000,156131
2023-02-23,Jayakwadi Dam,Aurangabad,2039,2216,290000,237482
2023-02-23,Mulshi Dam,Pune,1056,2475,160000,158532
2023-02-24,Koyna Dam,Satara,2682,1066,200000,171413
2023-02-24,Bhatsa Dam,Thane,1384,826,180000,157390
2023-02-24,Ujjani Dam,Solapur,1987,1380,170000,163651
2023-02-24,Jayakwadi Dam,Aurangabad,2920,1121,290000,189159
2023-02-24,Mulshi Dam,Pune,2629,1206,160000,150189
2023-02-25,Koyna Dam,Satara,1239,1034,200000,181147
2023-02-25,Bhatsa Dam,Thane,2770,1709,180000,163860
2023-02-25,Ujjani Dam,Solapur,2373,2427,170000,162447
2023-02-25,Jayakwadi Dam,Aurangabad,1221,2281,290000,279035
2023-02-25,Mulshi Dam,Pune,1256,1331,160000,152320
2023-02-26,Koyna Dam,Satara,2143,922,200000,151041
2023-02-26,Bhatsa Dam,Thane,2138,1467,180000,158716
2023-02-26,Ujjani Dam,Solapur,1903,1826,170000,152932
2023-02-26,Jayakwadi Dam,Aurangabad,2687,1728,290000,159640
2023-02-26,Mulshi Dam,Pune,2390,2069,160000,155322
2023-02-27,Koyna Dam,Satara,1098,1106,200000,194887
2023-02-27,Bhatsa Dam,Thane,1371,2399,180000,169100
2023-02-27,Ujjani Dam,Solapur,2669,1447,170000,158839
2023-02-27,Jayakwadi Dam,Aurangabad,1484,2000,290000,272387
2023-02-27,Mulshi Dam,Pune,1607,1211,160000,154803
2023-02-28,Koyna Dam,Satara,1479,1774,200000,164080
2023-02-28,Bhatsa Dam,Thane,1145,2278,180000,162853
2023-02-28,Ujjani Dam,Solapur,1271,1597,170000,156250
2023-02-28,Jayakwadi Dam,Aurangabad,2917,1476,290000,178775
2023-02-28,Mulshi Dam,Pune,2890,1067,160000,158031
2023-03-01,Koyna Dam,Satara,1736,2427,200000,172263
2023-03-01,Bhatsa Dam,Thane,2131,1435,180000,169696
2023-03-01,Ujjani Dam,Solapur,2487,876,170000,168846
2023-03-01,Jayakwadi Dam,Aurangabad,2498,1673,290000,160709
2023-03-01,Mulshi Dam,Pune,1485,2323,160000,152493
2023-03-02,Koyna Dam,Satara,1221,2055,200000,192107
2023-03-02,Bhatsa Dam,Thane,1339,1543,180000,172320
2023-03-02,Ujjani Dam,Solapur,1167,2170,170000,150625
2023-03-02,Jayakwadi Dam,Aurangabad,2848,949,290000,161415
2023-03-02,Mulshi Dam,Pune,2918,2455,160000,158020
2023-03-03,Koyna Dam,Satara,1017,1538,200000,166494
2023-03-03,Bhatsa Dam,Thane,2610,844,180000,170710
2023-03-03,Ujjani Dam,Solapur,2636,1968,170000,158049
2023-03-03,Jayakwadi Dam,Aurangabad,1633,2457,290000,226506
2023-03-03,Mulshi Dam,Pune,1374,2164,160000,158194
2023-03-04,Koyna Dam,Satara,2355,920,200000,175726
2023-03-04,Bhatsa Dam,Thane,1572,1141,180000,165645
2023-03-04,Ujjani Dam,Solapur,1399,1575,170000,154375
2023-03-04,Jayakwadi Dam,Aurangabad,1948,893,290000,209068
2023-03-04,Mulshi Dam,Pune,2019,2129,160000,153917
2023-03-05,Koyna Dam,Satara,2777,2181,200000,176997
2023-03-05,Bhatsa Dam,Thane,2262,2295,180000,150925
2023-03-05,Ujjani Dam,Solapur,1713,1851,170000,165720
2023-03-05,Jayakwadi Dam,Aurangabad,1900,1436,290000,205068
2023-03-05,Mulshi Dam,Pune,1096,926,160000,152282
2023-03-06,Koyna Dam,Satara,2051,1683,200000,151587
2023-03-06,Bhatsa Dam,Thane,1205,880,180000,172278
2023-03-06,Ujjani Dam,Solapur,1382,2383,170000,152702
2023-03-06,Jayakwadi Dam,Aurangabad,1390,2243,290000,163255
2023-03-06,Mulshi Dam,Pune,1915,2020,160000,152597
2023-03-07,Koyna Dam,Satara,1401,1541,200000,153049
2023-03-07,Bhatsa Dam,Thane,1673,1697,180000,150401
2023-03-07,Ujjani Dam,Solapur,2488,1930,170000,150660
2023-03-07,Jayakwadi Dam,Aurangabad,1954,949,290000,239832
2023-03-07,Mulshi Dam,Pune,2685,1326,160000,150691
2023-03-08,Koyna Dam,Satara,2396,2179,200000,196908
2023-03-08,Bhatsa Dam,Thane,1200,1338,180000,175874
2023-03-08,Ujjani Dam,Solapur,2575,1717,170000,166259
2023-03-08,Jayakwadi Dam,Aurangabad,1665,2394,290000,176406
2023-03-08,Mulshi Dam,Pune,2109,922,160000,151071
2023-03-09,Koyna Dam,Satara,2741,1833,200000,185493
2023-03-09,Bhatsa Dam,Thane,2378,822,180000,170323
2023-03-09,Ujjani Dam,Solapur,2030,1053,170000,161895
2023-03-09,Jayakwadi Dam,Aurangabad,1535,2210,290000,287422
2023-03-09,Mulshi Dam,Pune,1323,2448,160000,158217
2023-03-10,Koyna Dam,Satara,1212,1158,200000,191149
2023-03-10,Bhatsa Dam,Thane,1939,1180,180000,154361
2023-03-10,Ujjani Dam,Solapur,2640,834,170000,167049
2023-03-10,Jayakwadi Dam,Aurangabad,2509,1346,290000,156582
2023-03-10,Mulshi Dam,Pune,1628,955,160000,151585
2023-03-11,Koyna Dam,Satara,2195,1308,200000,164068
2023-03-11,Bhatsa Dam,Thane,1089,2470,180000,158813
2023-03-11,Ujjani Dam,Solapur,2055,1430,170000,169344
2023-03-11,Jayakwadi Dam,Aurangabad,1512,1383,290000,190115
2023-03-11,Mulshi Dam,Pune,1416,2491,160000,151248
2023-03-12,Koyna Dam,Satara,1696,1524,200000,170136
2023-03-12,Bhatsa Dam,Thane,1708,1247,180000,153790
2023-03-12,Ujjani Dam,Solapur,1191,1947,170000,150806
2023-03-12,Jayakwadi Dam,Aurangabad,1669,1246,290000,271836
2023-03-12,Mulshi Dam,Pune,1575,2124,160000,156148
2023-03-13,Koyna Dam,Satara,1580,2215,200000,198170
2023-03-13,Bhatsa Dam,Thane,1767,2352,180000,174893
2023-03-13,Ujjani Dam,Solapur,2775,1021,170000,154726
2023-03-13,Jayakwadi Dam,Aurangabad,2405,1460,290000,272192
2023-03-13,Mulshi Dam,Pune,1927,836,160000,155894
2023-03-14,Koyna Dam,Satara,1996,1203,200000,159150
2023-03-14,Bhatsa Dam,Thane,2884,2383,180000,155693
2023-03-14,Ujjani Dam,Solapur,2968,1824,170000,155739
2023-03-14,Jayakwadi Dam,Aurangabad,1855,2452,290000,251090
2023-03-14,Mulshi Dam,Pune,1601,2107,160000,157505
2023-03-15,Koyna Dam,Satara,1150,2130,200000,151784
2023-03-15,Bhatsa Dam,Thane,2772,1276,180000,151719
2023-03-15,Ujjani Dam,Solapur,2972,1102,170000,158027
2023-03-15,Jayakwadi Dam,Aurangabad,1926,1102,290000,209860
2023-03-15,Mulshi Dam,Pune,1033,1831,160000,150472
2023-03-16,Koyna Dam,Satara,2072,2071,200000,192763
2023-03-16,Bhatsa Dam,Thane,1697,1867,180000,165674
2023-03-16,Ujjani Dam,Solapur,2886,2167,170000,167186
2023-03-16,Jayakwadi Dam,Aurangabad,1397,1551,290000,228901
2023-03-16,Mulshi Dam,Pune,2037,1419,160000,154223
2023-03-17,Koyna Dam,Satara,1112,1594,200000,156682
2023-03-17,Bhatsa Dam,Thane,1184,1095,180000,158310
2023-03-17,Ujjani Dam,Solapur,2791,1864,170000,163463
2023-03-17,Jayakwadi Dam,Aurangabad,1224,1151,290000,269728
2023-03-17,Mulshi Dam,Pune,1256,2153,160000,150136
2023-03-18,Koyna Dam,Satara,1454,1071,200000,162297
2023-03-18,Bhatsa Dam,Thane,2180,1436,180000,174150
2023-03-18,Ujjani Dam,Solapur,1676,2102,170000,156180
2023-03-18,Jayakwadi Dam,Aurangabad,1170,1915,290000,267869
2023-03-18,Mulshi Dam,Pune,2367,2008,160000,151911
2023-03-19,Koyna Dam,Satara,2117,1316,200000,190737
2023-03-19,Bhatsa Dam,Thane,2446,2281,180000,171115
2023-03-19,Ujjani Dam,Solapur,2662,1915,170000,163444
2023-03-19,Jayakwadi Dam,Aurangabad,1147,1362,290000,216514
2023-03-19,Mulshi Dam,Pune,1756,2011,160000,150694
2023-03-20,Koyna Dam,Satara,2559,1110,200000,150972
2023-03-20,Bhatsa Dam,Thane,1432,2361,180000,161730
2023-03-20,Ujjani Dam,Solapur,1167,2066,170000,155428
2023-03-20,Jayakwadi Dam,Aurangabad,1096,1130,290000,261366
2023-03-20,Mulshi Dam,Pune,2330,2451,160000,153313
2023-03-21,Koyna Dam,Satara,2193,2105,200000,150931
2023-03-21,Bhatsa Dam,Thane,2747,905,180000,169618
2023-03-21,Ujjani Dam,Solapur,1939,2388,170000,165841
2023-03-21,Jayakwadi Dam,Aurangabad,1714,1892,290000,171941
2023-03-21,Mulshi Dam,Pune,2238,1126,160000,159309
2023-03-22,Koyna Dam,Satara,1394,1180,200000,189828
2023-03-22,Bhatsa Dam,Thane,1221,1791,180000,152435
2023-03-22,Ujjani Dam,Solapur,1250,2127,170000,167633
2023-03-22,Jayakwadi Dam,Aurangabad,1838,1131,290000,219790
2023-03-22,Mulshi Dam,Pune,2157,2164,160000,152572
2023-03-23,Koyna Dam,Satara,2644,2367,200000,172830
2023-03-23,Bhatsa Dam,Thane,2540,2434,180000,159787
2023-03-23,Ujjani Dam,Solapur,2858,1586,170000,157107
2023-03-23,Jayakwadi Dam,Aurangabad,1495,1436,290000,240376
2023-03-23,Mulshi Dam,Pune,2208,2090,160000,154567
2023-03-24,Koyna Dam,Satara,2567,1193,200000,162365
2023-03-24,Bhatsa Dam,Thane,2648,2284,180000,150793
2023-03-24,Ujjani Dam,Solapur,2078,2261,170000,151022
2023-03-24,Jayakwadi Dam,Aurangabad,1185,2176,290000,278943
2023-03-24,Mulshi Dam,Pune,2804,1674,160000,158692
2023-03-25,Koyna Dam,Satara,2876,1947,200000,152682
2023-03-25,Bhatsa Dam,Thane,1850,1625,180000,178072
2023-03-25,Ujjani Dam,Solapur,1835,1068,170000,153562
2023-03-25,Jayakwadi Dam,Aurangabad,1920,1469,290000,208908
2023-03-25,Mulshi Dam,Pune,2959,1533,160000,156713
2023-03-26,Koyna Dam,Satara,2292,1813,200000,161275
2023-03-26,Bhatsa Dam,Thane,1333,1638,180000,176558
2023-03-26,Ujjani Dam,Solapur,1233,1250,170000,154275
2023-03-26,Jayakwadi Dam,Aurangabad,2291,2198,290000,172484
2023-03-26,Mulshi Dam,Pune,1512,916,160000,151400
2023-03-27,Koyna Dam,Satara,1399,2280,200000,155890
2023-03-27,Bhatsa Dam,Thane,1656,934,180000,157268
2023-03-27,Ujjani Dam,Solapur,1841,1845,170000,167057
2023-03-27,Jayakwadi Dam,Aurangabad,1275,2138,290000,281475
2023-03-27,Mulshi Dam,Pune,2719,2390,160000,154493
2023-03-28,Koyna Dam,Satara,1239,2235,200000,192416
2023-03-28,Bhatsa Dam,Thane,1364,2389,180000,176001
2023-03-28,Ujjani Dam,Solapur,1283,1763,170000,166503
2023-03-28,Jayakwadi Dam,Aurangabad,1302,2361,290000,270749
2023-03-28,Mulshi Dam,Pune,1563,1918,160000,150744
2023-03-29,Koyna Dam,Satara,1229,1093,200000,195903
2023-03-29,Bhatsa Dam,Thane,2634,2305,180000,165383
2023-03-29,Ujjani Dam,Solapur,2535,2446,170000,155680
2023-03-29,Jayakwadi Dam,Aurangabad,1168,917,290000,255948
2023-03-29,Mulshi Dam,Pune,1613,1408,160000,157354
2023-03-30,Koyna Dam,Satara,2632,2477,200000,165936
2023-03-30,Bhatsa Dam,Thane,1753,1762,180000,177799
2023-03-30,Ujjani Dam,Solapur,1126,1252,170000,151859
2023-03-30,Jayakwadi Dam,Aurangabad,2008,1589,290000,232812
2023-03-30,Mulshi Dam,Pune,1181,1705,160000,155011
2023-03-31,Koyna Dam,Satara,2307,2345,200000,156741
2023-03-31,Bhatsa Dam,Thane,2143,2322,180000,160346
2023-03-31,Ujjani Dam,Solapur,1448,830,170000,167473
2023-03-31,Jayakwadi Dam,Aurangabad,2597,1238,290000,174716
2023-03-31,Mulshi Dam,Pune,1216,1967,160000,156930
2023-04-01,Koyna Dam,Satara,2098,2277,200000,181538
2023-04-01,Bhatsa Dam,Thane,1634,1850,180000,173808
2023-04-01,Ujjani Dam,Solapur,2175,1907,170000,157672
2023-04-01,Jayakwadi Dam,Aurangabad,2490,1613,290000,242214
2023-04-01,Mulshi Dam,Pune,2904,2411,160000,150547
2023-04-02,Koyna Dam,Satara,2553,1710,200000,159700
2023-04-02,Bhatsa Dam,Thane,1829,1870,180000,171519
2023-04-02,Ujjani Dam,Solapur,1290,2220,170000,158270
2023-04-02,Jayakwadi Dam,Aurangabad,1004,864,290000,252214
2023-04-02,Mulshi Dam,Pune,2939,1016,160000,155450
2023-04-03,Koyna Dam,Satara,1539,1130,200000,176204
2023-04-03,Bhatsa Dam,Thane,2858,1710,180000,179156
2023-04-03,Ujjani Dam,Solapur,2234,2044,170000,166093
2023-04-03,Jayakwadi Dam,Aurangabad,2888,1832,290000,228275
2023-04-03,Mulshi Dam,Pune,2298,1429,160000,157696
2023-04-04,Koyna Dam,Satara,2744,1479,200000,169399
2023-04-04,Bhatsa Dam,Thane,1291,1500,180000,161327
2023-04-04,Ujjani Dam,Solapur,1308,1723,170000,157917
2023-04-04,Jayakwadi Dam,Aurangabad,1703,1834,290000,152101
2023-04-04,Mulshi Dam,Pune,1646,1620,160000,157990
2023-04-05,Koyna Dam,Satara,2715,1897,200000,167904
2023-04-05,Bhatsa Dam,Thane,2941,1319,180000,176355
2023-04-05,Ujjani Dam,Solapur,1376,1181,170000,169227
2023-04-05,Jayakwadi Dam,Aurangabad,2106,1784,290000,157829
2023-04-05,Mulshi Dam,Pune,2856,2411,160000,151016
2023-04-06,Koyna Dam,Satara,2549,2255,200000,168021
2023-04-06,Bhatsa Dam,Thane,1192,988,180000,161596
2023-04-06,Ujjani Dam,Solapur,1897,1003,170000,169419
2023-04-06,Jayakwadi Dam,Aurangabad,1927,1442,290000,166751
2023-04-06,Mulshi Dam,Pune,1707,1083,160000,157002
2023-04-07,Koyna Dam,Satara,1199,1050,200000,194962
2023-04-07,Bhatsa Dam,Thane,2353,1601,180000,177760
2023-04-07,Ujjani Dam,Solapur,1165,1019,170000,166564
2023-04-07,Jayakwadi Dam,Aurangabad,2550,2115,290000,155890
2023-04-07,Mulshi Dam,Pune,2149,2333,160000,151117
2023-04-08,Koyna Dam,Satara,1748,1812,200000,160294
2023-04-08,Bhatsa Dam,Thane,1220,1885,180000,158533
2023-04-08,Ujjani Dam,Solapur,1858,2304,170000,165669
2023-04-08,Jayakwadi Dam,Aurangabad,1434,1335,290000,167219
2023-04-08,Mulshi Dam,Pune,2308,1321,160000,151769
2023-04-09,Koyna Dam,Satara,2402,1260,200000,174495
2023-04-09,Bhatsa Dam,Thane,1885,1369,180000,161991
2023-04-09,Ujjani Dam,Solapur,2638,1161,170000,156212
2023-04-09,Jayakwadi Dam,Aurangabad,2868,1771,290000,161292
2023-04-09,Mulshi Dam,Pune,2567,2226,160000,156639
2023-04-10,Koyna Dam,Satara,1403,1706,200000,183531
2023-04-10,Bhatsa Dam,Thane,1203,2276,180000,152124
2023-04-10,Ujjani Dam,Solapur,1981,1398,170000,161171
2023-04-10,Jayakwadi Dam,Aurangabad,2653,2285,290000,200014
2023-04-10,Mulshi Dam,Pune,2822,1182,160000,150506
2023-04-11,Koyna Dam,Satara,2554,1451,200000,191772
2023-04-11,Bhatsa Dam,Thane,2039,2268,180000,153274
2023-04-11,Ujjani Dam,Solapur,2050,2079,170000,167332
2023-04-11,Jayakwadi Dam,Aurangabad,2098,1674,290000,195761
2023-04-11,Mulshi Dam,Pune,2289,1544,160000,155701
2023-04-12,Koyna Dam,Satara,1443,1259,200000,152669
2023-04-12,Bhatsa Dam,Thane,2133,1535,180000,174397
2023-04-12,Ujjani Dam,Solapur,1150,1357,170000,161506
2023-04-12,Jayakwadi Dam,Aurangabad,2271,2006,290000,192890
2023-04-12,Mulshi Dam,Pune,2639,2421,160000,150864
2023-04-13,Koyna Dam,Satara,2135,1467,200000,155418
2023-04-13,Bhatsa Dam,Thane,2481,1677,180000,169932
2023-04-13,Ujjani Dam,Solapur,2477,817,170000,159140
2023-04-13,Jayakwadi Dam,Aurangabad,2408,2193,290000,229429
2023-04-13,Mulshi Dam,Pune,2382,1684,160000,155262
2023-04-14,Koyna Dam,Satara,2297,1289,200000,151800
2023-04-14,Bhatsa Dam,Thane,2834,1582,180000,167234
2023-04-14,Ujjani Dam,Solapur,1097,1129,170000,160270
2023-04-14,Jayakwadi Dam,Aurangabad,2269,1687,290000,207199
2023-04-14,Mulshi Dam,Pune,2521,1105,160000,159888
2023-04-15,Koyna Dam,Satara,1664,1744,200000,176631
2023-04-15,Bhatsa Dam,Thane,1810,1933,180000,172761
2023-04-15,Ujjani Dam,Solapur,2975,1229,170000,168612
2023-04-15,Jayakwadi Dam,Aurangabad,1632,1418,290000,150961
2023-04-15,Mulshi Dam,Pune,2856,1819,160000,152405
2023-04-16,Koyna Dam,Satara,2515,872,200000,185334
2023-04-16,Bhatsa Dam,Thane,1346,1822,180000,177132
2023-04-16,Ujjani Dam,Solapur,1133,1600,170000,169367
2023-04-16,Jayakwadi Dam,Aurangabad,2592,2290,290000,261439
2023-04-16,Mulshi Dam,Pune,1447,2450,160000,154018
2023-04-17,Koyna Dam,Satara,1508,973,200000,159828
2023-04-17,Bhatsa Dam,Thane,2905,1201,180000,152497
2023-04-17,Ujjani Dam,Solapur,1757,809,170000,165458
2023-04-17,Jayakwadi Dam,Aurangabad,1037,1660,290000,171528
2023-04-17,Mulshi Dam,Pune,1764,977,160000,155425
2023-04-18,Koyna Dam,Satara,2666,873,200000,193011
2023-04-18,Bhatsa Dam,Thane,1879,1997,180000,161191
2023-04-18,Ujjani Dam,Solapur,2149,1241,170000,168926
2023-04-18,Jayakwadi Dam,Aurangabad,2156,2392,290000,281986
2023-04-18,Mulshi Dam,Pune,1596,1427,160000,156966
2023-04-19,Koyna Dam,Satara,2839,1150,200000,168792
2023-04-19,Bhatsa Dam,Thane,1922,2423,180000,163375
2023-04-19,Ujjani Dam,Solapur,1687,1016,170000,150929
2023-04-19,Jayakwadi Dam,Aurangabad,1949,1235,290000,200915
2023-04-19,Mulshi Dam,Pune,1333,925,160000,156965
2023-04-20,Koyna Dam,Satara,1217,842,200000,162041
2023-04-20,Bhatsa Dam,Thane,1725,1906,180000,174021
2023-04-20,Ujjani Dam,Solapur,2408,1520,170000,165800
2023-04-20,Jayakwadi Dam,Aurangabad,2687,1421,290000,214683
2023-04-20,Mulshi Dam,Pune,2762,2367,160000,159764
2023-04-21,Koyna Dam,Satara,1706,1648,200000,163077
2023-04-21,Bhatsa Dam,Thane,2348,2478,180000,160803
2023-04-21,Ujjani Dam,Solapur,2482,1395,170000,164153
2023-04-21,Jayakwadi Dam,Aurangabad,1029,2419,290000,219563
2023-04-21,Mulshi Dam,Pune,1969,1258,160000,154304
2023-04-22,Koyna Dam,Satara,1453,811,200000,166723
2023-04-22,Bhatsa Dam,Thane,2793,1904,180000,153255
2023-04-22,Ujjani Dam,Solapur,1231,857,170000,154386
2023-04-22,Jayakwadi Dam,Aurangabad,1815,1396,290000,273771
2023-04-22,Mulshi Dam,Pune,1669,1938,160000,159589
2023-04-23,Koyna Dam,Satara,1492,1501,200000,192506
2023-04-23,Bhatsa Dam,Thane,2902,1865,180000,175304
2023-04-23,Ujjani Dam,Solapur,2840,915,170000,159132
2023-04-23,Jayakwadi Dam,Aurangabad,2510,1304,290000,274600
2023-04-23,Mulshi Dam,Pune,1787,1011,160000,150035
2023-04-24,Koyna Dam,Satara,1835,1060,200000,199591
2023-04-24,Bhatsa Dam,Thane,2369,1962,180000,167722
2023-04-24,Ujjani Dam,Solapur,1745,2351,170000,156191
2023-04-24,Jayakwadi Dam,Aurangabad,1555,2022,290000,237066
2023-04-24,Mulshi Dam,Pune,1510,1888,160000,156789
2023-04-25,Koyna Dam,Satara,1022,1217,200000,152036
2023-04-25,Bhatsa Dam,Thane,2318,2200,180000,161658
2023-04-25,Ujjani Dam,Solapur,1070,1918,170000,164535
2023-04-25,Jayakwadi Dam,Aurangabad,1778,1923,290000,168831
2023-04-25,Mulshi Dam,Pune,1848,2204,160000,158259
2023-04-26,Koyna Dam,Satara,2414,1189,200000,160707
2023-04-26,Bhatsa Dam,Thane,2364,1024,180000,175854
2023-04-26,Ujjani Dam,Solapur,2507,2171,170000,153691
2023-04-26,Jayakwadi Dam,Aurangabad,1702,2152,290000,217927
2023-04-26,Mulshi Dam,Pune,2652,951,160000,150567
2023-04-27,Koyna Dam,Satara,2968,2145,200000,161294
2023-04-27,Bhatsa Dam,Thane,2219,2220,180000,154854
2023-04-27,Ujjani Dam,Solapur,2716,1588,170000,162091
2023-04-27,Jayakwadi Dam,Aurangabad,2800,1918,290000,286941
2023-04-27,Mulshi Dam,Pune,2636,2370,160000,152383
2023-04-28,Koyna Dam,Satara,1730,2294,200000,159682
2023-04-28,Bhatsa Dam,Thane,1229,1705,180000,152067
2023-04-28,Ujjani Dam,Solapur,1957,1159,170000,164708
2023-04-28,Jayakwadi Dam,Aurangabad,2447,1748,290000,224469
2023-04-28,Mulshi Dam,Pune,2704,888,160000,150805
2023-04-29,Koyna Dam,Satara,2274,2082,200000,190721
2023-04-29,Bhatsa Dam,Thane,2577,2012,180000,157429
2023-04-29,Ujjani Dam,Solapur,2780,2352,170000,162581
2023-04-29,Jayakwadi Dam,Aurangabad,2439,1500,290000,238942
2023-04-29,Mulshi Dam,Pune,1020,1548,160000,157211
2023-04-30,Koyna Dam,Satara,2114,2194,200000,153339
2023-04-30,Bhatsa Dam,Thane,2854,2045,180000,155608
2023-04-30,Ujjani Dam,Solapur,2802,2314,170000,168865
2023-04-30,Jayakwadi Dam,Aurangabad,2736,1421,290000,234219
2023-04-30,Mulshi Dam,Pune,1738,1286,160000,151838
2023-05-01,Koyna Dam,Satara,1387,2222,200000,182690
2023-05-01,Bhatsa Dam,Thane,1963,1383,180000,154038
2023-05-01,Ujjani Dam,Solapur,1450,1807,170000,164172
2023-05-01,Jayakwadi Dam,Aurangabad,1763,1975,290000,234913
2023-05-01,Mulshi Dam,Pune,2582,1876,160000,153564
2023-05-02,Koyna Dam,Satara,1289,1369,200000,182517
2023-05-02,Bhatsa Dam,Thane,2625,1672,180000,167563
2023-05-02,Ujjani Dam,Solapur,1976,2117,170000,155503
2023-05-02,Jayakwadi Dam,Aurangabad,2289,1117,290000,178328
2023-05-02,Mulshi Dam,Pune,1577,1769,160000,154506
2023-05-03,Koyna Dam,Satara,2460,2337,200000,180021
2023-05-03,Bhatsa Dam,Thane,2310,1237,180000,171897
2023-05-03,Ujjani Dam,Solapur,1205,1784,170000,166150
2023-05-03,Jayakwadi Dam,Aurangabad,1585,1176,290000,224754
2023-05-03,Mulshi Dam,Pune,1808,1401,160000,156693
2023-05-04,Koyna Dam,Satara,1949,1048,200000,170814
2023-05-04,Bhatsa Dam,Thane,2961,1527,180000,160918
2023-05-04,Ujjani Dam,Solapur,1759,1122,170000,165251
2023-05-04,Jayakwadi Dam,Aurangabad,1887,2198,290000,231700
2023-05-04,Mulshi Dam,Pune,1500,1545,160000,151982
2023-05-05,Koyna Dam,Satara,2354,1408,200000,168601
2023-05-05,Bhatsa Dam,Thane,1624,1899,180000,157536
2023-05-05,Ujjani Dam,Solapur,1210,1090,170000,168917
2023-05-05,Jayakwadi Dam,Aurangabad,2500,2351,290000,205382
2023-05-05,Mulshi Dam,Pune,1013,1034,160000,159985
2023-05-06,Koyna Dam,Satara,2823,1560,200000,195298
2023-05-06,Bhatsa Dam,Thane,1272,1334,180000,150375
2023-05-06,Ujjani Dam,Solapur,1974,1427,170000,157471
2023-05-06,Jayakwadi Dam,Aurangabad,2047,2369,290000,201074
2023-05-06,Mulshi Dam,Pune,1251,2044,160000,159741
2023-05-07,Koyna Dam,Satara,2561,1301,200000,157897
2023-05-07,Bhatsa Dam,Thane,2506,1965,180000,164680
2023-05-07,Ujjani Dam,Solapur,2290,1667,170000,154773
2023-05-07,Jayakwadi Dam,Aurangabad,1465,1253,290000,246221
2023-05-07,Mulshi Dam,Pune,2788,2474,160000,154980
2023-05-08,Koyna Dam,Satara,2375,1912,200000,189192
2023-05-08,Bhatsa Dam,Thane,1347,1167,180000,151145
2023-05-08,Ujjani Dam,Solapur,1103,999,170000,164195
2023-05-08,Jayakwadi Dam,Aurangabad,1095,1514,290000,194615
2023-05-08,Mulshi Dam,Pune,2031,848,160000,150511
2023-05-09,Koyna Dam,Satara,2302,2033,200000,153407
2023-05-09,Bhatsa Dam,Thane,1353,1546,180000,166200
2023-05-09,Ujjani Dam,Solapur,1667,927,170000,156799
2023-05-09,Jayakwadi Dam,Aurangabad,1471,1278,290000,269885
2023-05-09,Mulshi Dam,Pune,1431,2461,160000,157669
2023-05-10,Koyna Dam,Satara,2845,1796,200000,167572
2023-05-10,Bhatsa Dam,Thane,2595,2137,180000,170573
2023-05-10,Ujjani Dam,Solapur,1224,1934,170000,167658
2023-05-10,Jayakwadi Dam,Aurangabad,1469,2382,290000,165144
2023-05-10,Mulshi Dam,Pune,1767,1413,160000,150337
2023-05-11,Koyna Dam,Satara,2964,1209,200000,189909
2023-05-11,Bhatsa Dam,Thane,1094,1664,180000,161941
2023-05-11,Ujjani Dam,Solapur,1056,1715,170000,168196
2023-05-11,Jayakwadi Dam,Aurangabad,2379,919,290000,207030
2023-05-11,Mulshi Dam,Pune,1488,2027,160000,157491
2023-05-12,Koyna Dam,Satara,2820,2352,200000,163465
2023-05-12,Bhatsa Dam,Thane,1429,1355,180000,153731
2023-05-12,Ujjani Dam,Solapur,1530,1727,170000,150438
2023-05-12,Jayakwadi Dam,Aurangabad,2904,864,290000,184640
2023-05-12,Mulshi Dam,Pune,2702,944,160000,156682
2023-05-13,Koyna Dam,Satara,2353,1244,200000,158235
2023-05-13,Bhatsa Dam,Thane,2208,1945,180000,162998
2023-05-13,Ujjani Dam,Solapur,1017,904,170000,156710
2023-05-13,Jayakwadi Dam,Aurangabad,1967,1296,290000,252915
2023-05-13,Mulshi Dam,Pune,2437,888,160000,153939
2023-05-14,Koyna Dam,Satara,1553,1402,200000,156248
2023-05-14,Bhatsa Dam,Thane,1980,2180,180000,177668
2023-05-14,Ujjani Dam,Solapur,1441,2419,170000,155297
2023-05-14,Jayakwadi Dam,Aurangabad,2175,2239,290000,220865
2023-05-14,Mulshi Dam,Pune,1737,1390,160000,150713
2023-05-15,Koyna Dam,Satara,1469,2103,200000,164437
2023-05-15,Bhatsa Dam,Thane,1948,2476,180000,167328
2023-05-15,Ujjani Dam,Solapur,2552,828,170000,150801
2023-05-15,Jayakwadi Dam,Aurangabad,2860,2362,290000,268777
2023-05-15,Mulshi Dam,Pune,1158,2158,160000,152435
2023-05-16,Koyna Dam,Satara,1773,1515,200000,189212
2023-05-16,Bhatsa Dam,Thane,2187,1996,180000,165365
2023-05-16,Ujjani Dam,Solapur,2960,1504,170000,154106
2023-05-16,Jayakwadi Dam,Aurangabad,2308,1547,290000,233024
2023-05-16,Mulshi Dam,Pune,1211,1270,160000,155356
2023-05-17,Koyna Dam,Satara,1597,1434,200000,162980
2023-05-17,Bhatsa Dam,Thane,1584,1322,180000,178489
2023-05-17,Ujjani Dam,Solapur,2433,2426,170000,156562
2023-05-17,Jayakwadi Dam,Aurangabad,1088,2470,290000,273228
2023-05-17,Mulshi Dam,Pune,2913,2125,160000,159965
2023-05-18,Koyna Dam,Satara,1938,2441,200000,171351
2023-05-18,Bhatsa Dam,Thane,2036,1987,180000,165217
2023-05-18,Ujjani Dam,Solapur,1284,1197,170000,160368
2023-05-18,Jayakwadi Dam,Aurangabad,1911,2319,290000,226445
2023-05-18,Mulshi Dam,Pune,1909,1227,160000,158243
2023-05-19,Koyna Dam,Satara,1050,1843,200000,161373
2023-05-19,Bhatsa Dam,Thane,1923,1269,180000,157325
2023-05-19,Ujjani Dam,Solapur,2243,1826,170000,168106
2023-05-19,Jayakwadi Dam,Aurangabad,2640,1237,290000,198858
2023-05-19,Mulshi Dam,Pune,2419,1959,160000,158507
2023-05-20,Koyna Dam,Satara,1347,2128,200000,172901
2023-05-20,Bhatsa Dam,Thane,1446,1250,180000,150706
2023-05-20,Ujjani Dam,Solapur,1265,1032,170000,150115
2023-05-20,Jayakwadi Dam,Aurangabad,1395,1809,290000,256974
2023-05-20,Mulshi Dam,Pune,1973,1168,160000,150787
2023-05-21,Koyna Dam,Satara,2403,2499,200000,162030
2023-05-21,Bhatsa Dam,Thane,2310,2040,180000,152344
2023-05-21,Ujjani Dam,Solapur,2289,2199,170000,166517
2023-05-21,Jayakwadi Dam,Aurangabad,1974,913,290000,205089
2023-05-21,Mulshi Dam,Pune,2589,1732,160000,150230
2023-05-22,Koyna Dam,Satara,1106,2424,200000,166607
2023-05-22,Bhatsa Dam,Thane,1844,2417,180000,150003
2023-05-22,Ujjani Dam,Solapur,2278,2021,170000,154817
2023-05-22,Jayakwadi Dam,Aurangabad,2860,2496,290000,271089
2023-05-22,Mulshi Dam,Pune,1217,1183,160000,152482
2023-05-23,Koyna Dam,Satara,2274,1977,200000,163812
2023-05-23,Bhatsa Dam,Thane,1088,1052,180000,166357
2023-05-23,Ujjani Dam,Solapur,1118,2382,170000,157486
2023-05-23,Jayakwadi Dam,Aurangabad,2992,1667,290000,216883
2023-05-23,Mulshi Dam,Pune,2574,1425,160000,154457
2023-05-24,Koyna Dam,Satara,1368,1621,200000,162613
2023-05-24,Bhatsa Dam,Thane,1468,1478,180000,162538
2023-05-24,Ujjani Dam,Solapur,2168,2117,170000,156787
2023-05-24,Jayakwadi Dam,Aurangabad,2299,905,290000,183519
2023-05-24,Mulshi Dam,Pune,2951,2187,160000,156706
2023-05-25,Koyna Dam,Satara,1464,2021,200000,156030
2023-05-25,Bhatsa Dam,Thane,2905,1097,180000,175702
2023-05-25,Ujjani Dam,Solapur,2461,1610,170000,153593
2023-05-25,Jayakwadi Dam,Aurangabad,2875,1360,290000,233500
2023-05-25,Mulshi Dam,Pune,1999,2336,160000,155940
2023-05-26,Koyna Dam,Satara,1480,2410,200000,178411
2023-05-26,Bhatsa Dam,Thane,2669,1462,180000,161656
2023-05-26,Ujjani Dam,Solapur,2625,1398,170000,157129
2023-05-26,Jayakwadi Dam,Aurangabad,1087,1924,290000,231714
2023-05-26,Mulshi Dam,Pune,2352,2246,160000,154785
2023-05-27,Koyna Dam,Satara,1828,908,200000,169932
2023-05-27,Bhatsa Dam,Thane,1253,885,180000,156389
2023-05-27,Ujjani Dam,Solapur,1046,1388,170000,154322
2023-05-27,Jayakwadi Dam,Aurangabad,1242,1692,290000,151022
2023-05-27,Mulshi Dam,Pune,1389,2115,160000,159858
2023-05-28,Koyna Dam,Satara,2407,1345,200000,164356
2023-05-28,Bhatsa Dam,Thane,2678,1822,180000,153393
2023-05-28,Ujjani Dam,Solapur,1049,2254,170000,150893
2023-05-28,Jayakwadi Dam,Aurangabad,2494,1622,290000,150996
2023-05-28,Mulshi Dam,Pune,2459,2081,160000,157982
2023-05-29,Koyna Dam,Satara,2693,2169,200000,185025
2023-05-29,Bhatsa Dam,Thane,1067,2153,180000,153425
2023-05-29,Ujjani Dam,Solapur,1631,808,170000,158672
2023-05-29,Jayakwadi Dam,Aurangabad,2810,1116,290000,227104
2023-05-29,Mulshi Dam,Pune,1545,1205,160000,154652
2023-05-30,Koyna Dam,Satara,2595,1578,200000,150506
2023-05-30,Bhatsa Dam,Thane,1968,1945,180000,154311
2023-05-30,Ujjani Dam,Solapur,2080,2386,170000,162764
2023-05-30,Jayakwadi Dam,Aurangabad,1537,1578,290000,217923
2023-05-30,Mulshi Dam,Pune,1854,1475,160000,152278
2023-05-31,Koyna Dam,Satara,2703,2359,200000,164181
2023-05-31,Bhatsa Dam,Thane,2642,1929,180000,164419
2023-05-31,Ujjani Dam,Solapur,1073,1715,170000,150056
2023-05-31,Jayakwadi Dam,Aurangabad,1119,908,290000,177123
2023-05-31,Mulshi Dam,Pune,2133,817,160000,155066
2023-06-01,Koyna Dam,Satara,2557,1400,200000,170950
2023-06-01,Bhatsa Dam,Thane,1071,1657,180000,176575
2023-06-01,Ujjani Dam,Solapur,2116,2379,170000,155855
2023-06-01,Jayakwadi Dam,Aurangabad,2910,1210,290000,222602
2023-06-01,Mulshi Dam,Pune,1832,1621,160000,158977
2023-06-02,Koyna Dam,Satara,2917,2121,200000,156431
2023-06-02,Bhatsa Dam,Thane,1058,2116,180000,157433
2023-06-02,Ujjani Dam,Solapur,2715,1578,170000,164725
2023-06-02,Jayakwadi Dam,Aurangabad,1134,2133,290000,202573
2023-06-02,Mulshi Dam,Pune,1971,2132,160000,159602
2023-06-03,Koyna Dam,Satara,1668,1011,200000,193723
2023-06-03,Bhatsa Dam,Thane,2897,2402,180000,167763
2023-06-03,Ujjani Dam,Solapur,2729,2374,170000,155841
2023-06-03,Jayakwadi Dam,Aurangabad,1540,1606,290000,235640
2023-06-03,Mulshi Dam,Pune,2251,1977,160000,157074
2023-06-04,Koyna Dam,Satara,1594,1039,200000,182734
2023-06-04,Bhatsa Dam,Thane,2152,2184,180000,174476
2023-06-04,Ujjani Dam,Solapur,1121,2390,170000,150599
2023-06-04,Jayakwadi Dam,Aurangabad,1788,1452,290000,186412
2023-06-04,Mulshi Dam,Pune,1884,1373,160000,156704
2023-06-05,Koyna Dam,Satara,2740,1683,200000,160513
2023-06-05,Bhatsa Dam,Thane,2062,1274,180000,150628
2023-06-05,Ujjani Dam,Solapur,2942,2123,170000,168262
2023-06-05,Jayakwadi Dam,Aurangabad,2047,979,290000,220927
2023-06-05,Mulshi Dam,Pune,1577,1056,160000,153577
2023-06-06,Koyna Dam,Satara,1930,1759,200000,189050
2023-06-06,Bhatsa Dam,Thane,2152,1965,180000,159682
2023-06-06,Ujjani Dam,Solapur,2707,805,170000,155543
2023-06-06,Jayakwadi Dam,Aurangabad,2141,1388,290000,193266
2023-06-06,Mulshi Dam,Pune,1318,1443,160000,159795
2023-06-07,Koyna Dam,Satara,1503,2439,200000,185351
2023-06-07,Bhatsa Dam,Thane,1774,1713,180000,158182
2023-06-07,Ujjani Dam,Solapur,2246,1131,170000,151029
2023-06-07,Jayakwadi Dam,Aurangabad,1063,946,290000,259596
2023-06-07,Mulshi Dam,Pune,2080,2178,160000,152130
2023-06-08,Koyna Dam,Satara,2931,2500,200000,181305
2023-06-08,Bhatsa Dam,Thane,1461,2188,180000,151438
2023-06-08,Ujjani Dam,Solapur,1302,2239,170000,161292
2023-06-08,Jayakwadi Dam,Aurangabad,2091,1382,290000,289996
2023-06-08,Mulshi Dam,Pune,2650,801,160000,158569
2023-06-09,Koyna Dam,Satara,2007,2032,200000,168699
2023-06-09,Bhatsa Dam,Thane,2499,2006,180000,164813
2023-06-09,Ujjani Dam,Solapur,1169,1213,170000,155675
2023-06-09,Jayakwadi Dam,Aurangabad,1796,1605,290000,172952
2023-06-09,Mulshi Dam,Pune,2971,1937,160000,151030
2023-06-10,Koyna Dam,Satara,1339,1468,200000,186764
2023-06-10,Bhatsa Dam,Thane,2761,2316,180000,157285
2023-06-10,Ujjani Dam,Solapur,2367,1429,170000,152662
2023-06-10,Jayakwadi Dam,Aurangabad,1451,1439,290000,161328
2023-06-10,Mulshi Dam,Pune,1474,2069,160000,153308
2023-06-11,Koyna Dam,Satara,2618,1314,200000,183135
2023-06-11,Bhatsa Dam,Thane,2715,2166,180000,174820
2023-06-11,Ujjani Dam,Solapur,2925,906,170000,152513
2023-06-11,Jayakwadi Dam,Aurangabad,2429,2437,290000,171652
2023-06-11,Mulshi Dam,Pune,1676,1123,160000,155779
2023-06-12,Koyna Dam,Satara,1959,2218,200000,154324
2023-06-12,Bhatsa Dam,Thane,2450,1961,180000,169835
2023-06-12,Ujjani Dam,Solapur,2132,2352,170000,150425
2023-06-12,Jayakwadi Dam,Aurangabad,1336,1581,290000,230388
2023-06-12,Mulshi Dam,Pune,2237,2093,160000,159263
2023-06-13,Koyna Dam,Satara,1728,1404,200000,151312
2023-06-13,Bhatsa Dam,Thane,1302,2333,180000,152046
2023-06-13,Ujjani Dam,Solapur,2929,1321,170000,157690
2023-06-13,Jayakwadi Dam,Aurangabad,2577,1254,290000,183159
2023-06-13,Mulshi Dam,Pune,2145,1211,160000,153592
2023-06-14,Koyna Dam,Satara,1061,2446,200000,155503
2023-06-14,Bhatsa Dam,Thane,2816,2372,180000,179971
2023-06-14,Ujjani Dam,Solapur,2657,1017,170000,160120
2023-06-14,Jayakwadi Dam,Aurangabad,2211,1022,290000,288458
2023-06-14,Mulshi Dam,Pune,2262,981,160000,151630
2023-06-15,Koyna Dam,Satara,1388,946,200000,155438
2023-06-15,Bhatsa Dam,Thane,2871,1275,180000,166239
2023-06-15,Ujjani Dam,Solapur,2295,1513,170000,162374
2023-06-15,Jayakwadi Dam,Aurangabad,1053,1398,290000,277694
2023-06-15,Mulshi Dam,Pune,1089,1029,160000,157999
2023-06-16,Koyna Dam,Satara,1860,1350,200000,197419
2023-06-16,Bhatsa Dam,Thane,1654,1018,180000,164060
2023-06-16,Ujjani Dam,Solapur,1902,1828,170000,150768
2023-06-16,Jayakwadi Dam,Aurangabad,2765,2022,290000,245150
2023-06-16,Mulshi Dam,Pune,2063,1148,160000,152613
2023-06-17,Koyna Dam,Satara,2957,2114,200000,176326
2023-06-17,Bhatsa Dam,Thane,1217,1300,180000,151067
2023-06-17,Ujjani Dam,Solapur,1106,1575,170000,153507
2023-06-17,Jayakwadi Dam,Aurangabad,1480,1162,290000,201815
2023-06-17,Mulshi Dam,Pune,1157,2100,160000,156718
2023-06-18,Koyna Dam,Satara,1855,2212,200000,176838
2023-06-18,Bhatsa Dam,Thane,1218,1554,180000,160113
2023-06-18,Ujjani Dam,Solapur,2118,1640,170000,156067
2023-06-18,Jayakwadi Dam,Aurangabad,2223,1561,290000,189090
2023-06-18,Mulshi Dam,Pune,1479,2423,160000,150590
2023-06-19,Koyna Dam,Satara,1894,1163,200000,183185
2023-06-19,Bhatsa Dam,Thane,2139,1634,180000,159557
2023-06-19,Ujjani Dam,Solapur,1214,1052,170000,158522
2023-06-19,Jayakwadi Dam,Aurangabad,2158,1696,290000,183014
2023-06-19,Mulshi Dam,Pune,2367,1469,160000,158404
2023-06-20,Koyna Dam,Satara,2103,1821,200000,195965
2023-06-20,Bhatsa Dam,Thane,1404,1218,180000,175415
2023-06-20,Ujjani Dam,Solapur,1350,1724,170000,150886
2023-06-20,Jayakwadi Dam,Aurangabad,1922,1171,290000,171292
2023-06-20,Mulshi Dam,Pune,1108,1646,160000,158974
2023-06-21,Koyna Dam,Satara,2279,1319,200000,192546
2023-06-21,Bhatsa Dam,Thane,1799,897,180000,155443
2023-06-21,Ujjani Dam,Solapur,2388,2232,170000,161238
2023-06-21,Jayakwadi Dam,Aurangabad,2888,1543,290000,163503
2023-06-21,Mulshi Dam,Pune,2458,1734,160000,151408
2023-06-22,Koyna Dam,Satara,2169,1888,200000,163659
2023-06-22,Bhatsa Dam,Thane,1181,1731,180000,173208
2023-06-22,Ujjani Dam,Solapur,1424,2406,170000,163884
2023-06-22,Jayakwadi Dam,Aurangabad,2530,1934,290000,212298
2023-06-22,Mulshi Dam,Pune,2424,2479,160000,157768
2023-06-23,Koyna Dam,Satara,2351,1206,200000,161167
2023-06-23,Bhatsa Dam,Thane,1708,2308,180000,175247
2023-06-23,Ujjani Dam,Solapur,1419,1605,170000,168862
2023-06-23,Jayakwadi Dam,Aurangabad,1796,1824,290000,157064
2023-06-23,Mulshi Dam,Pune,1989,1423,160000,157528
2023-06-24,Koyna Dam,Satara,2248,2002,200000,169262
2023-06-24,Bhatsa Dam,Thane,1142,2087,180000,178517
2023-06-24,Ujjani Dam,Solapur,2953,1384,170000,168671
2023-06-24,Jayakwadi Dam,Aurangabad,1893,1789,290000,151349
2023-06-24,Mulshi Dam,Pune,1574,2014,160000,154653
2023-06-25,Koyna Dam,Satara,2588,2164,200000,192842
2023-06-25,Bhatsa Dam,Thane,1736,1819,180000,179023
2023-06-25,Ujjani Dam,Solapur,2736,856,170000,164764
2023-06-25,Jayakwadi Dam,Aurangabad,2824,1770,290000,218741
2023-06-25,Mulshi Dam,Pune,2601,1860,160000,151466
2023-06-26,Koyna Dam,Satara,1921,2244,200000,153088
2023-06-26,Bhatsa Dam,Thane,1475,854,180000,157509
2023-06-26,Ujjani Dam,Solapur,1542,1619,170000,157583
2023-06-26,Jayakwadi Dam,Aurangabad,2436,2461,290000,191034
2023-06-26,Mulshi Dam,Pune,2344,2203,160000,150215
2023-06-27,Koyna Dam,Satara,1571,2428,200000,190323
2023-06-27,Bhatsa Dam,Thane,1321,1328,180000,167232
2023-06-27,Ujjani Dam,Solapur,1952,1816,170000,164390
2023-06-27,Jayakwadi Dam,Aurangabad,2362,2464,290000,253866
2023-06-27,Mulshi Dam,Pune,1249,1444,160000,150421
2023-06-28,Koyna Dam,Satara,2995,919,200000,173932
2023-06-28,Bhatsa Dam,Thane,2044,1011,180000,166431
2023-06-28,Ujjani Dam,Solapur,1145,1859,170000,158939
2023-06-28,Jayakwadi Dam,Aurangabad,2053,1691,290000,184641
2023-06-28,Mulshi Dam,Pune,2503,1691,160000,159250
2023-06-29,Koyna Dam,Satara,1516,2003,200000,194483
2023-06-29,Bhatsa Dam,Thane,2071,1284,180000,160696
2023-06-29,Ujjani Dam,Solapur,2791,1987,170000,167359
2023-06-29,Jayakwadi Dam,Aurangabad,1023,891,290000,230066
2023-06-29,Mulshi Dam,Pune,2811,2298,160000,159855
2023-06-30,Koyna Dam,Satara,1683,2063,200000,161258
2023-06-30,Bhatsa Dam,Thane,1583,1171,180000,176167
2023-06-30,Ujjani Dam,Solapur,2542,907,170000,159946
2023-06-30,Jayakwadi Dam,Aurangabad,1593,1182,290000,237088
2023-06-30,Mulshi Dam,Pune,2247,2427,160000,158622
2023-07-01,Koyna Dam,Satara,2652,1337,200000,153973
2023-07-01,Bhatsa Dam,Thane,2458,1855,180000,150472
2023-07-01,Ujjani Dam,Solapur,2820,1044,170000,168810
2023-07-01,Jayakwadi Dam,Aurangabad,1252,857,290000,278849
2023-07-01,Mulshi Dam,Pune,1054,2143,160000,158493
2023-07-02,Koyna Dam,Satara,2392,971,200000,154150
2023-07-02,Bhatsa Dam,Thane,1105,1333,180000,173833
2023-07-02,Ujjani Dam,Solapur,2343,968,170000,154614
2023-07-02,Jayakwadi Dam,Aurangabad,2989,829,290000,231100
2023-07-02,Mulshi Dam,Pune,2598,1725,160000,152973
2023-07-03,Koyna Dam,Satara,2758,1060,200000,184515
2023-07-03,Bhatsa Dam,Thane,2236,1749,180000,169375
2023-07-03,Ujjani Dam,Solapur,1715,1403,170000,163797
2023-07-03,Jayakwadi Dam,Aurangabad,1354,952,290000,284682
2023-07-03,Mulshi Dam,Pune,1465,1191,160000,152311
2023-07-04,Koyna Dam,Satara,1868,1903,200000,152300
2023-07-04,Bhatsa Dam,Thane,2046,1105,180000,167204
2023-07-04,Ujjani Dam,Solapur,1662,2131,170000,166500
2023-07-04,Jayakwadi Dam,Aurangabad,2735,1465,290000,262183
2023-07-04,Mulshi Dam,Pune,2896,2194,160000,154987
2023-07-05,Koyna Dam,Satara,1001,1023,200000,155596
2023-07-05,Bhatsa Dam,Thane,1686,856,180000,159146
2023-07-05,Ujjani Dam,Solapur,1665,885,170000,151817
2023-07-05,Jayakwadi Dam,Aurangabad,2684,952,290000,218168
2023-07-05,Mulshi Dam,Pune,1084,1843,160000,152363
2023-07-06,Koyna Dam,Satara,1646,1477,200000,192836
2023-07-06,Bhatsa Dam,Thane,1242,1409,180000,173748
2023-07-06,Ujjani Dam,Solapur,1770,1332,170000,169193
2023-07-06,Jayakwadi Dam,Aurangabad,1466,1488,290000,211081
2023-07-06,Mulshi Dam,Pune,1849,1380,160000,152873
2023-07-07,Koyna Dam,Satara,2385,1525,200000,196320
2023-07-07,Bhatsa Dam,Thane,1535,1911,180000,165467
2023-07-07,Ujjani Dam,Solapur,1563,2187,170000,155734
2023-07-07,Jayakwadi Dam,Aurangabad,1920,1908,290000,202234
2023-07-07,Mulshi Dam,Pune,1583,2083,160000,159822
2023-07-08,Koyna Dam,Satara,1974,2110,200000,186284
2023-07-08,Bhatsa Dam,Thane,2632,2214,180000,162354
2023-07-08,Ujjani Dam,Solapur,1352,1468,170000,150078
2023-07-08,Jayakwadi Dam,Aurangabad,1453,821,290000,198171
2023-07-08,Mulshi Dam,Pune,2921,1471,160000,159851
2023-07-09,Koyna Dam,Satara,2523,1490,200000,155121
2023-07-09,Bhatsa Dam,Thane,1818,1002,180000,173633
2023-07-09,Ujjani Dam,Solapur,1079,1342,170000,164833
2023-07-09,Jayakwadi Dam,Aurangabad,1381,2273,290000,182984
2023-07-09,Mulshi Dam,Pune,2559,2362,160000,150645
2023-07-10,Koyna Dam,Satara,1247,873,200000,176801
2023-07-10,Bhatsa Dam,Thane,1798,940,180000,172939
2023-07-10,Ujjani Dam,Solapur,2790,1180,170000,151681
2023-07-10,Jayakwadi Dam,Aurangabad,1434,1508,290000,249046
2023-07-10,Mulshi Dam,Pune,1706,1083,160000,151592
2023-07-11,Koyna Dam,Satara,2077,1518,200000,162753
2023-07-11,Bhatsa Dam,Thane,2613,819,180000,169119
2023-07-11,Ujjani Dam,Solapur,2985,1674,170000,156842
2023-07-11,Jayakwadi Dam,Aurangabad,1803,1422,290000,202069
2023-07-11,Mulshi Dam,Pune,1576,1428,160000,151389
2023-07-12,Koyna Dam,Satara,2100,1344,200000,167949
2023-07-12,Bhatsa Dam,Thane,1621,1664,180000,150327
2023-07-12,Ujjani Dam,Solapur,1246,1260,170000,154521
2023-07-12,Jayakwadi Dam,Aurangabad,1383,1896,290000,266290
2023-07-12,Mulshi Dam,Pune,2556,1640,160000,153413
2023-07-13,Koyna Dam,Satara,1891,1387,200000,184768
2023-07-13,Bhatsa Dam,Thane,1353,2483,180000,167189
2023-07-13,Ujjani Dam,Solapur,2421,2152,170000,167168
2023-07-13,Jayakwadi Dam,Aurangabad,2732,1257,290000,273736
2023-07-13,Mulshi Dam,Pune,1261,1621,160000,155518
2023-07-14,Koyna Dam,Satara,2048,1446,200000,171221
2023-07-14,Bhatsa Dam,Thane,2593,1265,180000,168103
2023-07-14,Ujjani Dam,Solapur,1697,2495,170000,161324
2023-07-14,Jayakwadi Dam,Aurangabad,1621,2424,290000,234021
2023-07-14,Mulshi Dam,Pune,2765,851,160000,152535
2023-07-15,Koyna Dam,Satara,1947,1237,200000,177688
2023-07-15,Bhatsa Dam,Thane,1850,1396,180000,157325
2023-07-15,Ujjani Dam,Solapur,2027,1723,170000,159023
2023-07-15,Jayakwadi Dam,Aurangabad,2006,1092,290000,279083
2023-07-15,Mulshi Dam,Pune,2591,1846,160000,154845
2023-07-16,Koyna Dam,Satara,2134,1530,200000,176961
2023-07-16,Bhatsa Dam,Thane,2115,902,180000,152405
2023-07-16,Ujjani Dam,Solapur,1524,2414,170000,160393
2023-07-16,Jayakwadi Dam,Aurangabad,2766,1039,290000,253025
2023-07-16,Mulshi Dam,Pune,2979,2449,160000,154380
2023-07-17,Koyna Dam,Satara,2006,968,200000,182929
2023-07-17,Bhatsa Dam,Thane,2256,1153,180000,156504
2023-07-17,Ujjani Dam,Solapur,2186,2256,170000,167602
2023-07-17,Jayakwadi Dam,Aurangabad,2405,1458,290000,168837
2023-07-17,Mulshi Dam,Pune,2537,2247,160000,158806
2023-07-18,Koyna Dam,Satara,1002,825,200000,196112
2023-07-18,Bhatsa Dam,Thane,1771,2362,180000,158595
2023-07-18,Ujjani Dam,Solapur,2016,2208,170000,166445
2023-07-18,Jayakwadi Dam,Aurangabad,2989,1793,290000,209977
2023-07-18,Mulshi Dam,Pune,1769,1306,160000,159461
2023-07-19,Koyna Dam,Satara,2207,840,200000,189180
2023-07-19,Bhatsa Dam,Thane,1819,1925,180000,155910
2023-07-19,Ujjani Dam,Solapur,1926,1856,170000,155167
2023-07-19,Jayakwadi Dam,Aurangabad,2840,1063,290000,258664
2023-07-19,Mulshi Dam,Pune,1464,1472,160000,153729
2023-07-20,Koyna Dam,Satara,1823,2488,200000,158513
2023-07-20,Bhatsa Dam,Thane,1327,2285,180000,168035
2023-07-20,Ujjani Dam,Solapur,1043,2108,170000,154354
2023-07-20,Jayakwadi Dam,Aurangabad,1717,2103,290000,273019
2023-07-20,Mulshi Dam,Pune,2481,1761,160000,158629
2023-07-21,Koyna Dam,Satara,2649,934,200000,178667
2023-07-21,Bhatsa Dam,Thane,2067,1325,180000,177436
2023-07-21,Ujjani Dam,Solapur,1247,1875,170000,167852
2023-07-21,Jayakwadi Dam,Aurangabad,1425,2434,290000,216046
2023-07-21,Mulshi Dam,Pune,1502,1442,160000,154807
2023-07-22,Koyna Dam,Satara,1643,1260,200000,157855
2023-07-22,Bhatsa Dam,Thane,2876,1893,180000,178081
2023-07-22,Ujjani Dam,Solapur,1895,1903,170000,158369
2023-07-22,Jayakwadi Dam,Aurangabad,2284,1736,290000,251498
2023-07-22,Mulshi Dam,Pune,1455,1720,160000,152070
2023-07-23,Koyna Dam,Satara,1451,1173,200000,173201
2023-07-23,Bhatsa Dam,Thane,2684,2195,180000,154474
2023-07-23,Ujjani Dam,Solapur,2621,2080,170000,165557
2023-07-23,Jayakwadi Dam,Aurangabad,2708,1490,290000,272397
2023-07-23,Mulshi Dam,Pune,2809,801,160000,151065
2023-07-24,Koyna Dam,Satara,1498,1221,200000,170257
2023-07-24,Bhatsa Dam,Thane,1703,2419,180000,179927
2023-07-24,Ujjani Dam,Solapur,1490,1307,170000,163420
2023-07-24,Jayakwadi Dam,Aurangabad,1496,1684,290000,252069
2023-07-24,Mulshi Dam,Pune,2237,1577,160000,151724
2023-07-25,Koyna Dam,Satara,2320,1528,200000,151477
2023-07-25,Bhatsa Dam,Thane,2137,2056,180000,161919
2023-07-25,Ujjani Dam,Solapur,2254,1110,170000,152968
2023-07-25,Jayakwadi Dam,Aurangabad,1543,1083,290000,190458
2023-07-25,Mulshi Dam,Pune,2393,1538,160000,150556
2023-07-26,Koyna Dam,Satara,2599,1672,200000,172073
2023-07-26,Bhatsa Dam,Thane,1536,1218,180000,175028
2023-07-26,Ujjani Dam,Solapur,2414,1885,170000,157329
2023-07-26,Jayakwadi Dam,Aurangabad,1220,1055,290000,193146
2023-07-26,Mulshi Dam,Pune,2222,1065,160000,152063
2023-07-27,Koyna Dam,Satara,2299,1621,200000,166694
2023-07-27,Bhatsa Dam,Thane,2571,1079,180000,171907
2023-07-27,Ujjani Dam,Solapur,2735,2061,170000,164389
2023-07-27,Jayakwadi Dam,Aurangabad,2759,2341,290000,257901
2023-07-27,Mulshi Dam,Pune,1274,818,160000,152147
2023-07-28,Koyna Dam,Satara,2404,1833,200000,167008
2023-07-28,Bhatsa Dam,Thane,2678,878,180000,176959
2023-07-28,Ujjani Dam,Solapur,2928,1565,170000,152350
2023-07-28,Jayakwadi Dam,Aurangabad,1754,2180,290000,242557
2023-07-28,Mulshi Dam,Pune,1657,2364,160000,150698
2023-07-29,Koyna Dam,Satara,1080,1455,200000,153033
2023-07-29,Bhatsa Dam,Thane,2994,2136,180000,170910
2023-07-29,Ujjani Dam,Solapur,2189,1774,170000,159240
2023-07-29,Jayakwadi Dam,Aurangabad,2917,1922,290000,178605
2023-07-29,Mulshi Dam,Pune,1915,897,160000,156322
2023-07-30,Koyna Dam,Satara,1978,1384,200000,173619
2023-07-30,Bhatsa Dam,Thane,2872,858,180000,166583
2023-07-30,Ujjani Dam,Solapur,2241,2352,170000,163512
2023-07-30,Jayakwadi Dam,Aurangabad,2359,2302,290000,267776
2023-07-30,Mulshi Dam,Pune,2304,1475,160000,151915
2023-07-31,Koyna Dam,Satara,2370,1642,200000,185925
2023-07-31,Bhatsa Dam,Thane,1128,1854,180000,173693
2023-07-31,Ujjani Dam,Solapur,1585,1570,170000,154587
2023-07-31,Jayakwadi Dam,Aurangabad,1690,1616,290000,208758
2023-07-31,Mulshi Dam,Pune,2414,1552,160000,152530
2023-08-01,Koyna Dam,Satara,2529,901,200000,182729
2023-08-01,Bhatsa Dam,Thane,1163,2440,180000,179360
2023-08-01,Ujjani Dam,Solapur,2063,2193,170000,161475
2023-08-01,Jayakwadi Dam,Aurangabad,1838,1748,290000,186222
2023-08-01,Mulshi Dam,Pune,2068,1812,160000,158548
2023-08-02,Koyna Dam,Satara,1339,1339,200000,155598
2023-08-02,Bhatsa Dam,Thane,2676,1980,180000,153993
2023-08-02,Ujjani Dam,Solapur,1279,1382,170000,153465
2023-08-02,Jayakwadi Dam,Aurangabad,1752,1659,290000,191339
2023-08-02,Mulshi Dam,Pune,1884,2498,160000,155737
2023-08-03,Koyna Dam,Satara,2376,968,200000,173519
2023-08-03,Bhatsa Dam,Thane,1654,2223,180000,154823
2023-08-03,Ujjani Dam,Solapur,2232,2315,170000,164922
2023-08-03,Jayakwadi Dam,Aurangabad,2982,2063,290000,289968
2023-08-03,Mulshi Dam,Pune,2242,1885,160000,157506
2023-08-04,Koyna Dam,Satara,2908,1237,200000,183033
2023-08-04,Bhatsa Dam,Thane,1875,2281,180000,154308
2023-08-04,Ujjani Dam,Solapur,1281,920,170000,163888
2023-08-04,Jayakwadi Dam,Aurangabad,1895,1703,290000,159049
2023-08-04,Mulshi Dam,Pune,1783,2145,160000,152437
2023-08-05,Koyna Dam,Satara,1685,1284,200000,186082
2023-08-05,Bhatsa Dam,Thane,1166,1669,180000,170551
2023-08-05,Ujjani Dam,Solapur,2025,1673,170000,161393
2023-08-05,Jayakwadi Dam,Aurangabad,1339,1009,290000,253487
2023-08-05,Mulshi Dam,Pune,2828,931,160000,150108
2023-08-06,Koyna Dam,Satara,1389,2198,200000,165662
2023-08-06,Bhatsa Dam,Thane,1030,1747,180000,168206
2023-08-06,Ujjani Dam,Solapur,2988,1444,170000,168808
2023-08-06,Jayakwadi Dam,Aurangabad,1177,2485,290000,274528
2023-08-06,Mulshi Dam,Pune,2034,2179,160000,157844
2023-08-07,Koyna Dam,Satara,2837,874,200000,172652
2023-08-07,Bhatsa Dam,Thane,1904,2036,180000,158694
2023-08-07,Ujjani Dam,Solapur,2212,2177,170000,166668
2023-08-07,Jayakwadi Dam,Aurangabad,2416,2126,290000,261386
2023-08-07,Mulshi Dam,Pune,1304,2079,160000,156510
2023-08-08,Koyna Dam,Satara,1365,2057,200000,169689
2023-08-08,Bhatsa Dam,Thane,1006,1672,180000,166872
2023-08-08,Ujjani Dam,Solapur,2281,1672,170000,155358
2023-08-08,Jayakwadi Dam,Aurangabad,1271,1950,290000,248107
2023-08-08,Mulshi Dam,Pune,2722,2190,160000,152382
2023-08-09,Koyna Dam,Satara,2317,884,200000,164422
2023-08-09,Bhatsa Dam,Thane,2689,992,180000,173870
2023-08-09,Ujjani Dam,Solapur,1277,1871,170000,154252
2023-08-09,Jayakwadi Dam,Aurangabad,1964,1357,290000,185736
2023-08-09,Mulshi Dam,Pune,1343,1155,160000,150839
2023-08-10,Koyna Dam,Satara,2518,1369,200000,172046
2023-08-10,Bhatsa Dam,Thane,2682,1801,180000,151880
2023-08-10,Ujjani Dam,Solapur,2745,2375,170000,151876
2023-08-10,Jayakwadi Dam,Aurangabad,1628,1231,290000,247736
2023-08-10,Mulshi Dam,Pune,2447,2277,160000,159162
2023-08-11,Koyna Dam,Satara,2693,2187,200000,190041
2023-08-11,Bhatsa Dam,Thane,2483,1428,180000,173106
2023-08-11,Ujjani Dam,Solapur,2167,1758,170000,153308
2023-08-11,Jayakwadi Dam,Aurangabad,1211,1106,290000,235991
2023-08-11,Mulshi Dam,Pune,2402,2378,160000,150998
2023-08-12,Koyna Dam,Satara,1262,1278,200000,185247
2023-08-12,Bhatsa Dam,Thane,2515,1298,180000,154648
2023-08-12,Ujjani Dam,Solapur,2120,1662,170000,159296
2023-08-12,Jayakwadi Dam,Aurangabad,1713,2089,290000,253485
2023-08-12,Mulshi Dam,Pune,2195,2422,160000,151439
2023-08-13,Koyna Dam,Satara,2920,1740,200000,198925
2023-08-13,Bhatsa Dam,Thane,1082,1438,180000,169016
2023-08-13,Ujjani Dam,Solapur,2592,1975,170000,153866
2023-08-13,Jayakwadi Dam,Aurangabad,2214,2271,290000,222854
2023-08-13,Mulshi Dam,Pune,1681,2344,160000,159930
2023-08-14,Koyna Dam,Satara,2098,1000,200000,172280
2023-08-14,Bhatsa Dam,Thane,2642,1207,180000,167298
2023-08-14,Ujjani Dam,Solapur,2995,2115,170000,167546
2023-08-14,Jayakwadi Dam,Aurangabad,1984,912,290000,168245
2023-08-14,Mulshi Dam,Pune,2570,2097,160000,157071
2023-08-15,Koyna Dam,Satara,2125,1046,200000,193874
2023-08-15,Bhatsa Dam,Thane,2645,2495,180000,159249
2023-08-15,Ujjani Dam,Solapur,2566,2393,170000,161534
2023-08-15,Jayakwadi Dam,Aurangabad,1196,816,290000,286366
2023-08-15,Mulshi Dam,Pune,2417,1365,160000,152381
2023-08-16,Koyna Dam,Satara,2754,1015,200000,172791
2023-08-16,Bhatsa Dam,Thane,1239,1557,180000,178427
2023-08-16,Ujjani Dam,Solapur,2881,1714,170000,159708
2023-08-16,Jayakwadi Dam,Aurangabad,1644,1977,290000,210187
2023-08-16,Mulshi Dam,Pune,2915,1164,160000,153659
2023-08-17,Koyna Dam,Satara,1844,1589,200000,190073
2023-08-17,Bhatsa Dam,Thane,1628,2060,180000,155072
2023-08-17,Ujjani Dam,Solapur,1606,932,170000,152949
2023-08-17,Jayakwadi Dam,Aurangabad,1957,1564,290000,271465
2023-08-17,Mulshi Dam,Pune,1747,2028,160000,152085
2023-08-18,Koyna Dam,Satara,1741,920,200000,160186
2023-08-18,Bhatsa Dam,Thane,2808,1578,180000,158336
2023-08-18,Ujjani Dam,Solapur,1267,1099,170000,160855
2023-08-18,Jayakwadi Dam,Aurangabad,2039,1685,290000,285451
2023-08-18,Mulshi Dam,Pune,2861,1819,160000,157777
2023-08-19,Koyna Dam,Satara,1346,1172,200000,171958
2023-08-19,Bhatsa Dam,Thane,2582,1359,180000,162070
2023-08-19,Ujjani Dam,Solapur,2988,1322,170000,152501
2023-08-19,Jayakwadi Dam,Aurangabad,1044,1807,290000,191587
2023-08-19,Mulshi Dam,Pune,2998,1081,160000,154944
2023-08-20,Koyna Dam,Satara,1454,2081,200000,170960
2023-08-20,Bhatsa Dam,Thane,1812,1881,180000,162306
2023-08-20,Ujjani Dam,Solapur,2410,1985,170000,150063
2023-08-20,Jayakwadi Dam,Aurangabad,2926,2093,290000,269848
2023-08-20,Mulshi Dam,Pune,2170,1228,160000,159178
2023-08-21,Koyna Dam,Satara,1353,1481,200000,151117
2023-08-21,Bhatsa Dam,Thane,2696,1217,180000,155749
2023-08-21,Ujjani Dam,Solapur,1352,1287,170000,161741
2023-08-21,Jayakwadi Dam,Aurangabad,1865,1463,290000,233398
2023-08-21,Mulshi Dam,Pune,2321,2416,160000,153166
2023-08-22,Koyna Dam,Satara,1379,2007,200000,194257
2023-08-22,Bhatsa Dam,Thane,1511,1916,180000,179454
2023-08-22,Ujjani Dam,Solapur,2954,2403,170000,167819
2023-08-22,Jayakwadi Dam,Aurangabad,1226,1873,290000,260875
2023-08-22,Mulshi Dam,Pune,2903,1485,160000,152497
2023-08-23,Koyna Dam,Satara,1566,1093,200000,186503
2023-08-23,Bhatsa Dam,Thane,2642,2245,180000,162518
2023-08-23,Ujjani Dam,Solapur,1329,1956,170000,153877
2023-08-23,Jayakwadi Dam,Aurangabad,2021,2075,290000,197290
2023-08-23,Mulshi Dam,Pune,1353,1201,160000,150738
2023-08-24,Koyna Dam,Satara,1644,1405,200000,166119
2023-08-24,Bhatsa Dam,Thane,2199,1887,180000,160667
2023-08-24,Ujjani Dam,Solapur,2592,2429,170000,162480
2023-08-24,Jayakwadi Dam,Aurangabad,2037,916,290000,268777
2023-08-24,Mulshi Dam,Pune,1308,909,160000,156276
2023-08-25,Koyna Dam,Satara,2969,2109,200000,177588
2023-08-25,Bhatsa Dam,Thane,1721,1788,180000,168819
2023-08-25,Ujjani Dam,Solapur,2880,1270,170000,154023
2023-08-25,Jayakwadi Dam,Aurangabad,1359,2416,290000,247602
2023-08-25,Mulshi Dam,Pune,1911,2143,160000,155183
2023-08-26,Koyna Dam,Satara,1941,1891,200000,199232
2023-08-26,Bhatsa Dam,Thane,2074,2012,180000,172063
2023-08-26,Ujjani Dam,Solapur,1433,1380,170000,160710
2023-08-26,Jayakwadi Dam,Aurangabad,2738,877,290000,177599
2023-08-26,Mulshi Dam,Pune,1181,1108,160000,156607
2023-08-27,Koyna Dam,Satara,1970,1794,200000,155102
2023-08-27,Bhatsa Dam,Thane,2222,1616,180000,157714
2023-08-27,Ujjani Dam,Solapur,1834,1804,170000,159699
2023-08-27,Jayakwadi Dam,Aurangabad,1726,1898,290000,221061
2023-08-27,Mulshi Dam,Pune,1303,1285,160000,156698
2023-08-28,Koyna Dam,Satara,1984,989,200000,165318
2023-08-28,Bhatsa Dam,Thane,2379,1679,180000,179289
2023-08-28,Ujjani Dam,Solapur,2158,2241,170000,156469
2023-08-28,Jayakwadi Dam,Aurangabad,1610,2469,290000,157691
2023-08-28,Mulshi Dam,Pune,1227,2308,160000,154124
2023-08-29,Koyna Dam,Satara,1319,1619,200000,159625
2023-08-29,Bhatsa Dam,Thane,2567,1782,180000,177410
2023-08-29,Ujjani Dam,Solapur,2886,2042,170000,158808
2023-08-29,Jayakwadi Dam,Aurangabad,2110,2038,290000,223647
2023-08-29,Mulshi Dam,Pune,2365,903,160000,153791
2023-08-30,Koyna Dam,Satara,1576,1127,200000,185255
2023-08-30,Bhatsa Dam,Thane,2762,1473,180000,150975
2023-08-30,Ujjani Dam,Solapur,1451,1799,170000,155600
2023-08-30,Jayakwadi Dam,Aurangabad,2688,2071,290000,152443
2023-08-30,Mulshi Dam,Pune,2903,2044,160000,155838
2023-08-31,Koyna Dam,Satara,1511,1426,200000,171099
2023-08-31,Bhatsa Dam,Thane,1545,2022,180000,176693
2023-08-31,Ujjani Dam,Solapur,2415,1260,170000,163902
2023-08-31,Jayakwadi Dam,Aurangabad,2628,1610,290000,208259
2023-08-31,Mulshi Dam,Pune,1250,1986,160000,152055
2023-09-01,Koyna Dam,Satara,2256,1924,200000,185790
2023-09-01,Bhatsa Dam,Thane,1129,2294,180000,154559
2023-09-01,Ujjani Dam,Solapur,1671,2047,170000,167841
2023-09-01,Jayakwadi Dam,Aurangabad,1221,1770,290000,203322
2023-09-01,Mulshi Dam,Pune,1123,1927,160000,157756
2023-09-02,Koyna Dam,Satara,2635,1364,200000,164411
2023-09-02,Bhatsa Dam,Thane,2803,1596,180000,169484
2023-09-02,Ujjani Dam,Solapur,2134,2077,170000,158794
2023-09-02,Jayakwadi Dam,Aurangabad,2062,2147,290000,150157
2023-09-02,Mulshi Dam,Pune,2196,1295,160000,158084
2023-09-03,Koyna Dam,Satara,2375,2188,200000,159966
2023-09-03,Bhatsa Dam,Thane,2793,2009,180000,161078
2023-09-03,Ujjani Dam,Solapur,1449,1085,170000,158264
2023-09-03,Jayakwadi Dam,Aurangabad,1447,1622,290000,276143
2023-09-03,Mulshi Dam,Pune,2552,1667,160000,154610
2023-09-04,Koyna Dam,Satara,2547,2440,200000,163739
2023-09-04,Bhatsa Dam,Thane,2528,1868,180000,178731
2023-09-04,Ujjani Dam,Solapur,1903,1306,170000,158453
2023-09-04,Jayakwadi Dam,Aurangabad,2002,1457,290000,150872
2023-09-04,Mulshi Dam,Pune,1564,1498,160000,153470
2023-09-05,Koyna Dam,Satara,1600,911,200000,164463
2023-09-05,Bhatsa Dam,Thane,1166,802,180000,174299
2023-09-05,Ujjani Dam,Solapur,2478,2197,170000,166219
2023-09-05,Jayakwadi Dam,Aurangabad,1838,1478,290000,240435
2023-09-05,Mulshi Dam,Pune,2506,1841,160000,159914
2023-09-06,Koyna Dam,Satara,2235,1601,200000,173633
2023-09-06,Bhatsa Dam,Thane,2303,1617,180000,171758
2023-09-06,Ujjani Dam,Solapur,2389,1166,170000,152502
2023-09-06,Jayakwadi Dam,Aurangabad,1794,1919,290000,164394
2023-09-06,Mulshi Dam,Pune,2556,1889,160000,153756
2023-09-07,Koyna Dam,Satara,2060,2342,200000,154209
2023-09-07,Bhatsa Dam,Thane,2963,2062,180000,160444
2023-09-07,Ujjani Dam,Solapur,2605,1944,170000,162111
2023-09-07,Jayakwadi Dam,Aurangabad,1277,1615,290000,226353
2023-09-07,Mulshi Dam,Pune,1006,2316,160000,158515
2023-09-08,Koyna Dam,Satara,1930,1613,200000,170246
2023-09-08,Bhatsa Dam,Thane,1197,2381,180000,168888
2023-09-08,Ujjani Dam,Solapur,1540,1479,170000,162848
2023-09-08,Jayakwadi Dam,Aurangabad,1867,1784,290000,167214
2023-09-08,Mulshi Dam,Pune,2157,2488,160000,159804
2023-09-09,Koyna Dam,Satara,2908,1713,200000,191482
2023-09-09,Bhatsa Dam,Thane,1329,1659,180000,171487
2023-09-09,Ujjani Dam,Solapur,1627,1073,170000,152097
2023-09-09,Jayakwadi Dam,Aurangabad,1522,1621,290000,187539
2023-09-09,Mulshi Dam,Pune,2584,977,160000,151324
2023-09-10,Koyna Dam,Satara,2503,946,200000,187496
2023-09-10,Bhatsa Dam,Thane,2723,1964,180000,177838
2023-09-10,Ujjani Dam,Solapur,2273,1471,170000,157621
2023-09-10,Jayakwadi Dam,Aurangabad,2420,1920,290000,206718
2023-09-10,Mulshi Dam,Pune,2472,949,160000,153404
2023-09-11,Koyna Dam,Satara,2143,1414,200000,159261
2023-09-11,Bhatsa Dam,Thane,1554,1744,180000,154634
2023-09-11,Ujjani Dam,Solapur,1170,906,170000,168282
2023-09-11,Jayakwadi Dam,Aurangabad,1401,1215,290000,199454
2023-09-11,Mulshi Dam,Pune,2089,2074,160000,155965
2023-09-12,Koyna Dam,Satara,1469,1883,200000,187671
2023-09-12,Bhatsa Dam,Thane,1910,1707,180000,151654
2023-09-12,Ujjani Dam,Solapur,1286,1750,170000,168957
2023-09-12,Jayakwadi Dam,Aurangabad,2286,829,290000,261991
2023-09-12,Mulshi Dam,Pune,1541,1334,160000,150358
2023-09-13,Koyna Dam,Satara,2543,1738,200000,163828
2023-09-13,Bhatsa Dam,Thane,1294,2262,180000,171796
2023-09-13,Ujjani Dam,Solapur,1723,1847,170000,168739
2023-09-13,Jayakwadi Dam,Aurangabad,1588,1838,290000,171961
2023-09-13,Mulshi Dam,Pune,1561,2088,160000,152179
2023-09-14,Koyna Dam,Satara,1399,2367,200000,180059
2023-09-14,Bhatsa Dam,Thane,1188,1348,180000,151180
2023-09-14,Ujjani Dam,Solapur,2866,1558,170000,168359
2023-09-14,Jayakwadi Dam,Aurangabad,1754,2326,290000,238711
2023-09-14,Mulshi Dam,Pune,1300,1543,160000,152515
2023-09-15,Koyna Dam,Satara,2498,1484,200000,172078
2023-09-15,Bhatsa Dam,Thane,2948,1166,180000,151866
2023-09-15,Ujjani Dam,Solapur,1833,2208,170000,168309
2023-09-15,Jayakwadi Dam,Aurangabad,1370,1584,290000,214514
2023-09-15,Mulshi Dam,Pune,1945,813,160000,154969
2023-09-16,Koyna Dam,Satara,2727,1065,200000,183176
2023-09-16,Bhatsa Dam,Thane,2930,1190,180000,160599
2023-09-16,Ujjani Dam,Solapur,1222,1592,170000,162127
2023-09-16,Jayakwadi Dam,Aurangabad,1476,2089,290000,241582
2023-09-16,Mulshi Dam,Pune,2655,1338,160000,151274
2023-09-17,Koyna Dam,Satara,1644,871,200000,160677
2023-09-17,Bhatsa Dam,Thane,1235,1537,180000,154428
2023-09-17,Ujjani Dam,Solapur,2910,1453,170000,153753
2023-09-17,Jayakwadi Dam,Aurangabad,1410,1550,290000,154771
2023-09-17,Mulshi Dam,Pune,1956,2020,160000,153078
2023-09-18,Koyna Dam,Satara,2695,1507,200000,150788
2023-09-18,Bhatsa Dam,Thane,2181,2353,180000,179037
2023-09-18,Ujjani Dam,Solapur,2250,930,170000,166447
2023-09-18,Jayakwadi Dam,Aurangabad,1499,1105,290000,163064
2023-09-18,Mulshi Dam,Pune,1887,2191,160000,151471
2023-09-19,Koyna Dam,Satara,2498,1637,200000,165787
2023-09-19,Bhatsa Dam,Thane,2744,2057,180000,177572
2023-09-19,Ujjani Dam,Solapur,1469,880,170000,152424
2023-09-19,Jayakwadi Dam,Aurangabad,2584,1134,290000,193402
2023-09-19,Mulshi Dam,Pune,2605,2011,160000,158619
2023-09-20,Koyna Dam,Satara,1302,1441,200000,185379
2023-09-20,Bhatsa Dam,Thane,2538,1317,180000,160407
2023-09-20,Ujjani Dam,Solapur,1143,1465,170000,166745
2023-09-20,Jayakwadi Dam,Aurangabad,1963,1615,290000,243969
2023-09-20,Mulshi Dam,Pune,1142,1139,160000,155786
2023-09-21,Koyna Dam,Satara,2014,1694,200000,160668
2023-09-21,Bhatsa Dam,Thane,2694,1107,180000,162224
2023-09-21,Ujjani Dam,Solapur,1756,1638,170000,152337
2023-09-21,Jayakwadi Dam,Aurangabad,2697,1244,290000,241257
2023-09-21,Mulshi Dam,Pune,1137,1874,160000,159136
2023-09-22,Koyna Dam,Satara,1018,869,200000,158389
2023-09-22,Bhatsa Dam,Thane,1478,1220,180000,175601
2023-09-22,Ujjani Dam,Solapur,2266,2060,170000,153454
2023-09-22,Jayakwadi Dam,Aurangabad,2818,1844,290000,156946
2023-09-22,Mulshi Dam,Pune,2481,1176,160000,152403
2023-09-23,Koyna Dam,Satara,1816,1457,200000,154999
2023-09-23,Bhatsa Dam,Thane,2116,2112,180000,160171
2023-09-23,Ujjani Dam,Solapur,1245,1183,170000,152866
2023-09-23,Jayakwadi Dam,Aurangabad,2051,1381,290000,247949
2023-09-23,Mulshi Dam,Pune,1895,1130,160000,158269
2023-09-24,Koyna Dam,Satara,1713,2325,200000,176513
2023-09-24,Bhatsa Dam,Thane,2494,1678,180000,178039
2023-09-24,Ujjani Dam,Solapur,1155,1057,170000,151425
2023-09-24,Jayakwadi Dam,Aurangabad,1236,1351,290000,205216
2023-09-24,Mulshi Dam,Pune,1956,1865,160000,151271
2023-09-25,Koyna Dam,Satara,2183,2400,200000,155334
2023-09-25,Bhatsa Dam,Thane,2821,2359,180000,170423
2023-09-25,Ujjani Dam,Solapur,1650,992,170000,153988
2023-09-25,Jayakwadi Dam,Aurangabad,1610,2199,290000,169772
2023-09-25,Mulshi Dam,Pune,1126,969,160000,153776
2023-09-26,Koyna Dam,Satara,2469,2118,200000,161187
2023-09-26,Bhatsa Dam,Thane,2736,1766,180000,173065
2023-09-26,Ujjani Dam,Solapur,2485,951,170000,159710
2023-09-26,Jayakwadi Dam,Aurangabad,2154,2032,290000,276797
2023-09-26,Mulshi Dam,Pune,1709,1323,160000,151450
2023-09-27,Koyna Dam,Satara,1222,1707,200000,150708
2023-09-27,Bhatsa Dam,Thane,1841,2387,180000,156313
2023-09-27,Ujjani Dam,Solapur,1750,2338,170000,166674
2023-09-27,Jayakwadi Dam,Aurangabad,2177,1782,290000,187221
2023-09-27,Mulshi Dam,Pune,1824,1935,160000,150824
2023-09-28,Koyna Dam,Satara,1877,2430,200000,193177
2023-09-28,Bhatsa Dam,Thane,2478,2188,180000,176105
2023-09-28,Ujjani Dam,Solapur,1069,951,170000,156747
2023-09-28,Jayakwadi Dam,Aurangabad,2690,1873,290000,163669
2023-09-28,Mulshi Dam,Pune,2085,1782,160000,158001
2023-09-29,Koyna Dam,Satara,1494,2188,200000,188276
2023-09-29,Bhatsa Dam,Thane,1341,842,180000,163658
2023-09-29,Ujjani Dam,Solapur,1881,2229,170000,150345
2023-09-29,Jayakwadi Dam,Aurangabad,1768,942,290000,213115
2023-09-29,Mulshi Dam,Pune,2569,1432,160000,153202
2023-09-30,Koyna Dam,Satara,2049,2450,200000,152763
2023-09-30,Bhatsa Dam,Thane,2068,1371,180000,156587
2023-09-30,Ujjani Dam,Solapur,1783,887,170000,153944
2023-09-30,Jayakwadi Dam,Aurangabad,2504,1135,290000,207937
2023-09-30,Mulshi Dam,Pune,2411,2348,160000,155872
2023-10-01,Koyna Dam,Satara,2000,1117,200000,156098
2023-10-01,Bhatsa Dam,Thane,1092,2111,180000,151261
2023-10-01,Ujjani Dam,Solapur,2492,1084,170000,163999
2023-10-01,Jayakwadi Dam,Aurangabad,2047,1178,290000,185013
2023-10-01,Mulshi Dam,Pune,2586,2477,160000,154286
2023-10-02,Koyna Dam,Satara,2913,1857,200000,150093
2023-10-02,Bhatsa Dam,Thane,1737,2108,180000,178634
2023-10-02,Ujjani Dam,Solapur,1995,939,170000,164329
2023-10-02,Jayakwadi Dam,Aurangabad,2527,2381,290000,262404
2023-10-02,Mulshi Dam,Pune,1004,1681,160000,158978
2023-10-03,Koyna Dam,Satara,1243,961,200000,188230
2023-10-03,Bhatsa Dam,Thane,1471,1115,180000,164099
2023-10-03,Ujjani Dam,Solapur,1914,1496,170000,166834
2023-10-03,Jayakwadi Dam,Aurangabad,1770,2464,290000,172245
2023-10-03,Mulshi Dam,Pune,2508,1160,160000,151235
2023-10-04,Koyna Dam,Satara,1491,2165,200000,170800
2023-10-04,Bhatsa Dam,Thane,1215,2140,180000,164290
2023-10-04,Ujjani Dam,Solapur,1761,2020,170000,150057
2023-10-04,Jayakwadi Dam,Aurangabad,2044,1000,290000,228483
2023-10-04,Mulshi Dam,Pune,1205,1150,160000,153417
2023-10-05,Koyna Dam,Satara,1396,1114,200000,195838
2023-10-05,Bhatsa Dam,Thane,2936,1164,180000,166306
2023-10-05,Ujjani Dam,Solapur,1190,2200,170000,161219
2023-10-05,Jayakwadi Dam,Aurangabad,1877,2130,290000,207593
2023-10-05,Mulshi Dam,Pune,2783,1625,160000,159051
2023-10-06,Koyna Dam,Satara,1151,2038,200000,169687
2023-10-06,Bhatsa Dam,Thane,1156,1179,180000,172670
2023-10-06,Ujjani Dam,Solapur,1556,1547,170000,155916
2023-10-06,Jayakwadi Dam,Aurangabad,1966,2129,290000,172294
2023-10-06,Mulshi Dam,Pune,2056,1968,160000,158396
2023-10-07,Koyna Dam,Satara,2468,822,200000,191774
2023-10-07,Bhatsa Dam,Thane,1852,1177,180000,155236
2023-10-07,Ujjani Dam,Solapur,1140,2498,170000,167253
2023-10-07,Jayakwadi Dam,Aurangabad,2825,1443,290000,178155
2023-10-07,Mulshi Dam,Pune,1060,1013,160000,156995
2023-10-08,Koyna Dam,Satara,2438,1040,200000,161275
2023-10-08,Bhatsa Dam,Thane,2390,1168,180000,161738
2023-10-08,Ujjani Dam,Solapur,2445,2331,170000,151280
2023-10-08,Jayakwadi Dam,Aurangabad,1392,949,290000,208833
2023-10-08,Mulshi Dam,Pune,1478,1307,160000,151415
2023-10-09,Koyna Dam,Satara,1973,1674,200000,155527
2023-10-09,Bhatsa Dam,Thane,1237,2248,180000,151459
2023-10-09,Ujjani Dam,Solapur,1206,1624,170000,160515
2023-10-09,Jayakwadi Dam,Aurangabad,1112,2375,290000,239529
2023-10-09,Mulshi Dam,Pune,1781,1231,160000,154948
2023-10-10,Koyna Dam,Satara,1273,1417,200000,174255
2023-10-10,Bhatsa Dam,Thane,2030,1536,180000,162095
2023-10-10,Ujjani Dam,Solapur,2575,1473,170000,156158
2023-10-10,Jayakwadi Dam,Aurangabad,2337,1852,290000,220877
2023-10-10,Mulshi Dam,Pune,1093,2281,160000,157599
2023-10-11,Koyna Dam,Satara,1252,1293,200000,178599
2023-10-11,Bhatsa Dam,Thane,1537,1213,180000,158787
2023-10-11,Ujjani Dam,Solapur,1028,1579,170000,156089
2023-10-11,Jayakwadi Dam,Aurangabad,1711,1286,290000,272367
2023-10-11,Mulshi Dam,Pune,2819,1474,160000,155913
2023-10-12,Koyna Dam,Satara,2232,1489,200000,193650
2023-10-12,Bhatsa Dam,Thane,2798,1341,180000,163125
2023-10-12,Ujjani Dam,Solapur,2608,1754,170000,155869
2023-10-12,Jayakwadi Dam,Aurangabad,1532,1312,290000,166497
2023-10-12,Mulshi Dam,Pune,1739,2087,160000,152613
2023-10-13,Koyna Dam,Satara,1506,1569,200000,184012
2023-10-13,Bhatsa Dam,Thane,1507,1169,180000,178291
2023-10-13,Ujjani Dam,Solapur,1552,1479,170000,168673
2023-10-13,Jayakwadi Dam,Aurangabad,1064,1138,290000,160928
2023-10-13,Mulshi Dam,Pune,1615,1586,160000,159798
2023-10-14,Koyna Dam,Satara,2687,1820,200000,184056
2023-10-14,Bhatsa Dam,Thane,1546,1191,180000,154343
2023-10-14,Ujjani Dam,Solapur,1218,1885,170000,158688
2023-10-14,Jayakwadi Dam,Aurangabad,2917,1206,290000,178429
2023-10-14,Mulshi Dam,Pune,1687,2008,160000,154917
2023-10-15,Koyna Dam,Satara,1036,830,200000,161963
2023-10-15,Bhatsa Dam,Thane,1305,1709,180000,151481
2023-10-15,Ujjani Dam,Solapur,1951,1016,170000,166316
2023-10-15,Jayakwadi Dam,Aurangabad,1462,1272,290000,261490
2023-10-15,Mulshi Dam,Pune,2297,2471,160000,150195
2023-10-16,Koyna Dam,Satara,1248,2208,200000,162345
2023-10-16,Bhatsa Dam,Thane,1819,2034,180000,177828
2023-10-16,Ujjani Dam,Solapur,1882,1534,170000,167277
2023-10-16,Jayakwadi Dam,Aurangabad,1095,1033,290000,170538
2023-10-16,Mulshi Dam,Pune,1444,2466,160000,154112
2023-10-17,Koyna Dam,Satara,2066,1169,200000,194663
2023-10-17,Bhatsa Dam,Thane,2515,1155,180000,151372
2023-10-17,Ujjani Dam,Solapur,2784,1978,170000,168908
2023-10-17,Jayakwadi Dam,Aurangabad,1221,2055,290000,240863
2023-10-17,Mulshi Dam,Pune,1286,2487,160000,151184
2023-10-18,Koyna Dam,Satara,2261,2190,200000,168058
2023-10-18,Bhatsa Dam,Thane,2234,1378,180000,173620
2023-10-18,Ujjani Dam,Solapur,1587,1672,170000,160576
2023-10-18,Jayakwadi Dam,Aurangabad,2978,2238,290000,224169
2023-10-18,Mulshi Dam,Pune,2667,1464,160000,158213
2023-10-19,Koyna Dam,Satara,1356,2447,200000,170525
2023-10-19,Bhatsa Dam,Thane,1837,1964,180000,150943
2023-10-19,Ujjani Dam,Solapur,1090,996,170000,160920
2023-10-19,Jayakwadi Dam,Aurangabad,2278,1098,290000,241788
2023-10-19,Mulshi Dam,Pune,1088,1789,160000,150797
2023-10-20,Koyna Dam,Satara,1885,1298,200000,181742
2023-10-20,Bhatsa Dam,Thane,1397,1747,180000,159790
2023-10-20,Ujjani Dam,Solapur,1381,1201,170000,168975
2023-10-20,Jayakwadi Dam,Aurangabad,1624,1037,290000,275228
2023-10-20,Mulshi Dam,Pune,2806,2336,160000,151959
2023-10-21,Koyna Dam,Satara,2720,1923,200000,163703
2023-10-21,Bhatsa Dam,Thane,2480,1845,180000,158162
2023-10-21,Ujjani Dam,Solapur,2812,1008,170000,152637
2023-10-21,Jayakwadi Dam,Aurangabad,2087,1194,290000,237793
2023-10-21,Mulshi Dam,Pune,2962,2313,160000,153729
2023-10-22,Koyna Dam,Satara,1760,1449,200000,183864
2023-10-22,Bhatsa Dam,Thane,1180,887,180000,179176
2023-10-22,Ujjani Dam,Solapur,1267,1697,170000,153484
2023-10-22,Jayakwadi Dam,Aurangabad,2355,1435,290000,205071
2023-10-22,Mulshi Dam,Pune,1109,1695,160000,154505
2023-10-23,Koyna Dam,Satara,1227,2165,200000,177997
2023-10-23,Bhatsa Dam,Thane,2229,1215,180000,168164
2023-10-23,Ujjani Dam,Solapur,1202,1296,170000,155927
2023-10-23,Jayakwadi Dam,Aurangabad,1134,2196,290000,228955
2023-10-23,Mulshi Dam,Pune,1604,2474,160000,152553
2023-10-24,Koyna Dam,Satara,2757,1146,200000,177582
2023-10-24,Bhatsa Dam,Thane,2447,1780,180000,168795
2023-10-24,Ujjani Dam,Solapur,1842,2204,170000,150587
2023-10-24,Jayakwadi Dam,Aurangabad,1530,1495,290000,189681
2023-10-24,Mulshi Dam,Pune,2242,2130,160000,155489
2023-10-25,Koyna Dam,Satara,1708,2288,200000,187334
2023-10-25,Bhatsa Dam,Thane,1755,1057,180000,158052
2023-10-25,Ujjani Dam,Solapur,1532,2233,170000,161998
2023-10-25,Jayakwadi Dam,Aurangabad,2401,804,290000,252001
2023-10-25,Mulshi Dam,Pune,2366,2432,160000,152336
2023-10-26,Koyna Dam,Satara,2179,2010,200000,160305
2023-10-26,Bhatsa Dam,Thane,2888,968,180000,173539
2023-10-26,Ujjani Dam,Solapur,2148,2235,170000,160675
2023-10-26,Jayakwadi Dam,Aurangabad,1722,1417,290000,261898
2023-10-26,Mulshi Dam,Pune,1113,2170,160000,152653
2023-10-27,Koyna Dam,Satara,2288,1847,200000,156447
2023-10-27,Bhatsa Dam,Thane,1260,2305,180000,153054
2023-10-27,Ujjani Dam,Solapur,1377,1252,170000,166678
2023-10-27,Jayakwadi Dam,Aurangabad,1453,1202,290000,154316
2023-10-27,Mulshi Dam,Pune,1488,872,160000,152808
2023-10-28,Koyna Dam,Satara,1800,2308,200000,167889
2023-10-28,Bhatsa Dam,Thane,2170,2104,180000,158533
2023-10-28,Ujjani Dam,Solapur,2516,2100,170000,161174
2023-10-28,Jayakwadi Dam,Aurangabad,2851,1392,290000,163369
2023-10-28,Mulshi Dam,Pune,2497,1837,160000,153951
2023-10-29,Koyna Dam,Satara,2909,1989,200000,183622
2023-10-29,Bhatsa Dam,Thane,1038,1644,180000,164686
2023-10-29,Ujjani Dam,Solapur,1289,1850,170000,150954
2023-10-29,Jayakwadi Dam,Aurangabad,2866,1293,290000,151516
2023-10-29,Mulshi Dam,Pune,2536,2430,160000,158023
2023-10-30,Koyna Dam,Satara,2685,2185,200000,195537
2023-10-30,Bhatsa Dam,Thane,2632,2479,180000,162590
2023-10-30,Ujjani Dam,Solapur,2669,1222,170000,155870
2023-10-30,Jayakwadi Dam,Aurangabad,1468,1381,290000,239510
2023-10-30,Mulshi Dam,Pune,1817,2357,160000,155086
2023-10-31,Koyna Dam,Satara,2974,897,200000,151131
2023-10-31,Bhatsa Dam,Thane,2291,1880,180000,166517
2023-10-31,Ujjani Dam,Solapur,1042,1490,170000,166719
2023-10-31,Jayakwadi Dam,Aurangabad,2593,2360,290000,220920
2023-10-31,Mulshi Dam,Pune,1580,1079,160000,151447
2023-11-01,Koyna Dam,Satara,2579,1542,200000,194010
2023-11-01,Bhatsa Dam,Thane,1758,2223,180000,166750
2023-11-01,Ujjani Dam,Solapur,1426,1870,170000,157369
2023-11-01,Jayakwadi Dam,Aurangabad,1022,1740,290000,288783
2023-11-01,Mulshi Dam,Pune,2215,2047,160000,153958
2023-11-02,Koyna Dam,Satara,1583,1911,200000,164416
2023-11-02,Bhatsa Dam,Thane,2327,2183,180000,155465
2023-11-02,Ujjani Dam,Solapur,1088,1267,170000,154626
2023-11-02,Jayakwadi Dam,Aurangabad,2073,1627,290000,214861
2023-11-02,Mulshi Dam,Pune,2893,2032,160000,156021
2023-11-03,Koyna Dam,Satara,1977,1856,200000,181073
2023-11-03,Bhatsa Dam,Thane,1784,2498,180000,150680
2023-11-03,Ujjani Dam,Solapur,2531,2097,170000,155047
2023-11-03,Jayakwadi Dam,Aurangabad,2456,1980,290000,151244
2023-11-03,Mulshi Dam,Pune,1954,2023,160000,152932
2023-11-04,Koyna Dam,Satara,2574,1164,200000,158296
2023-11-04,Bhatsa Dam,Thane,2204,2118,180000,164610
2023-11-04,Ujjani Dam,Solapur,2576,1492,170000,163489
2023-11-04,Jayakwadi Dam,Aurangabad,1659,2294,290000,270704
2023-11-04,Mulshi Dam,Pune,2162,1707,160000,153984
2023-11-05,Koyna Dam,Satara,2580,1422,200000,162529
2023-11-05,Bhatsa Dam,Thane,2739,1138,180000,171926
2023-11-05,Ujjani Dam,Solapur,2964,1691,170000,154515
2023-11-05,Jayakwadi Dam,Aurangabad,2047,1942,290000,205476
2023-11-05,Mulshi Dam,Pune,1244,1025,160000,156583
2023-11-06,Koyna Dam,Satara,1284,1547,200000,154365
2023-11-06,Bhatsa Dam,Thane,1387,1512,180000,173118
2023-11-06,Ujjani Dam,Solapur,2529,2137,170000,166544
2023-11-06,Jayakwadi Dam,Aurangabad,1206,1142,290000,171715
2023-11-06,Mulshi Dam,Pune,1639,1890,160000,159659
2023-11-07,Koyna Dam,Satara,1821,1392,200000,189684
2023-11-07,Bhatsa Dam,Thane,2797,1536,180000,152356
2023-11-07,Ujjani Dam,Solapur,2800,1793,170000,160944
2023-11-07,Jayakwadi Dam,Aurangabad,2411,1788,290000,155789
2023-11-07,Mulshi Dam,Pune,1723,2245,160000,153564
2023-11-08,Koyna Dam,Satara,2046,1547,200000,193497
2023-11-08,Bhatsa Dam,Thane,1480,1226,180000,172122
2023-11-08,Ujjani Dam,Solapur,1223,2331,170000,153805
2023-11-08,Jayakwadi Dam,Aurangabad,2388,1824,290000,270045
2023-11-08,Mulshi Dam,Pune,1127,927,160000,156020
2023-11-09,Koyna Dam,Satara,2301,1344,200000,186711
2023-11-09,Bhatsa Dam,Thane,1810,1346,180000,150040
2023-11-09,Ujjani Dam,Solapur,1865,1074,170000,150626
2023-11-09,Jayakwadi Dam,Aurangabad,2330,2417,290000,201738
2023-11-09,Mulshi Dam,Pune,2455,2140,160000,158920
2023-11-10,Koyna Dam,Satara,1506,1050,200000,190440
2023-11-10,Bhatsa Dam,Thane,1127,2200,180000,162198
2023-11-10,Ujjani Dam,Solapur,1633,2126,170000,153370
2023-11-10,Jayakwadi Dam,Aurangabad,1088,2426,290000,197645
2023-11-10,Mulshi Dam,Pune,2532,962,160000,151974
2023-11-11,Koyna Dam,Satara,1168,2323,200000,155854
2023-11-11,Bhatsa Dam,Thane,2938,2135,180000,160399
2023-11-11,Ujjani Dam,Solapur,1840,1589,170000,160871
2023-11-11,Jayakwadi Dam,Aurangabad,2777,1964,290000,173880
2023-11-11,Mulshi Dam,Pune,1678,1824,160000,159977
2023-11-12,Koyna Dam,Satara,1255,2433,200000,155482
2023-11-12,Bhatsa Dam,Thane,2583,1062,180000,173190
2023-11-12,Ujjani Dam,Solapur,2873,1933,170000,164703
2023-11-12,Jayakwadi Dam,Aurangabad,1810,1120,290000,230946
2023-11-12,Mulshi Dam,Pune,2189,2357,160000,152979
2023-11-13,Koyna Dam,Satara,2890,2011,200000,182088
2023-11-13,Bhatsa Dam,Thane,2928,1561,180000,155145
2023-11-13,Ujjani Dam,Solapur,2588,1291,170000,168140
2023-11-13,Jayakwadi Dam,Aurangabad,1708,892,290000,257162
2023-11-13,Mulshi Dam,Pune,2483,1703,160000,152812
2023-11-14,Koyna Dam,Satara,2095,922,200000,185408
2023-11-14,Bhatsa Dam,Thane,1194,2413,180000,169235
2023-11-14,Ujjani Dam,Solapur,2608,1507,170000,158688
2023-11-14,Jayakwadi Dam,Aurangabad,1536,2025,290000,194406
2023-11-14,Mulshi Dam,Pune,2687,2136,160000,155929
2023-11-15,Koyna Dam,Satara,1007,2225,200000,183983
2023-11-15,Bhatsa Dam,Thane,1630,957,180000,156425
2023-11-15,Ujjani Dam,Solapur,1577,1202,170000,154926
2023-11-15,Jayakwadi Dam,Aurangabad,2609,903,290000,256483
2023-11-15,Mulshi Dam,Pune,2617,1140,160000,159848
2023-11-16,Koyna Dam,Satara,2702,803,200000,198846
2023-11-16,Bhatsa Dam,Thane,2228,2213,180000,174852
2023-11-16,Ujjani Dam,Solapur,1944,1115,170000,150245
2023-11-16,Jayakwadi Dam,Aurangabad,2787,1992,290000,226196
2023-11-16,Mulshi Dam,Pune,2985,1589,160000,159358
2023-11-17,Koyna Dam,Satara,2351,2032,200000,164263
2023-11-17,Bhatsa Dam,Thane,2016,1932,180000,170234
2023-11-17,Ujjani Dam,Solapur,1379,2027,170000,163477
2023-11-17,Jayakwadi Dam,Aurangabad,2812,1880,290000,218902
2023-11-17,Mulshi Dam,Pune,1146,1533,160000,154729
2023-11-18,Koyna Dam,Satara,2678,2335,200000,184807
2023-11-18,Bhatsa Dam,Thane,1376,2083,180000,154290
2023-11-18,Ujjani Dam,Solapur,2284,1376,170000,162892
2023-11-18,Jayakwadi Dam,Aurangabad,1487,2277,290000,195448
2023-11-18,Mulshi Dam,Pune,1451,1373,160000,158836
2023-11-19,Koyna Dam,Satara,1199,2105,200000,155795
2023-11-19,Bhatsa Dam,Thane,2320,1920,180000,174423
2023-11-19,Ujjani Dam,Solapur,2935,2054,170000,167451
2023-11-19,Jayakwadi Dam,Aurangabad,2593,2072,290000,170413
2023-11-19,Mulshi Dam,Pune,1512,1283,160000,157925
2023-11-20,Koyna Dam,Satara,2231,1710,200000,177636
2023-11-20,Bhatsa Dam,Thane,2510,1722,180000,161307
2023-11-20,Ujjani Dam,Solapur,2312,2236,170000,153602
2023-11-20,Jayakwadi Dam,Aurangabad,2182,2087,290000,263965
2023-11-20,Mulshi Dam,Pune,2660,2220,160000,150680
2023-11-21,Koyna Dam,Satara,1170,2061,200000,193326
2023-11-21,Bhatsa Dam,Thane,1005,861,180000,164662
2023-11-21,Ujjani Dam,Solapur,2134,2050,170000,164173
2023-11-21,Jayakwadi Dam,Aurangabad,1935,2144,290000,274026
2023-11-21,Mulshi Dam,Pune,2870,2407,160000,153892
2023-11-22,Koyna Dam,Satara,2409,1907,200000,190120
2023-11-22,Bhatsa Dam,Thane,2240,1269,180000,157730
2023-11-22,Ujjani Dam,Solapur,2454,849,170000,161387
2023-11-22,Jayakwadi Dam,Aurangabad,1734,2240,290000,262411
2023-11-22,Mulshi Dam,Pune,2808,2492,160000,152717
2023-11-23,Koyna Dam,Satara,1801,2188,200000,151376
2023-11-23,Bhatsa Dam,Thane,2600,2214,180000,172103
2023-11-23,Ujjani Dam,Solapur,1503,1403,170000,168699
2023-11-23,Jayakwadi Dam,Aurangabad,2056,1097,290000,240269
2023-11-23,Mulshi Dam,Pune,1428,2155,160000,151636
2023-11-24,Koyna Dam,Satara,1068,860,200000,158310
2023-11-24,Bhatsa Dam,Thane,1714,1372,180000,156894
2023-11-24,Ujjani Dam,Solapur,2714,1085,170000,164518
2023-11-24,Jayakwadi Dam,Aurangabad,2285,2406,290000,154633
2023-11-24,Mulshi Dam,Pune,2010,1625,160000,157864
2023-11-25,Koyna Dam,Satara,1332,2271,200000,158077
2023-11-25,Bhatsa Dam,Thane,1535,2487,180000,169344
2023-11-25,Ujjani Dam,Solapur,1029,1892,170000,161911
2023-11-25,Jayakwadi Dam,Aurangabad,2035,1689,290000,177222
2023-11-25,Mulshi Dam,Pune,2128,1307,160000,150878
2023-11-26,Koyna Dam,Satara,1656,1165,200000,180315
2023-11-26,Bhatsa Dam,Thane,1311,1799,180000,178173
2023-11-26,Ujjani Dam,Solapur,2893,1094,170000,164905
2023-11-26,Jayakwadi Dam,Aurangabad,2416,1668,290000,234830
2023-11-26,Mulshi Dam,Pune,2898,1145,160000,151556
2023-11-27,Koyna Dam,Satara,1858,893,200000,199876
2023-11-27,Bhatsa Dam,Thane,1748,1651,180000,159935
2023-11-27,Ujjani Dam,Solapur,2364,2471,170000,161922
2023-11-27,Jayakwadi Dam,Aurangabad,2110,2393,290000,178807
2023-11-27,Mulshi Dam,Pune,1068,2167,160000,155691
2023-11-28,Koyna Dam,Satara,2387,1643,200000,166048
2023-11-28,Bhatsa Dam,Thane,1005,2431,180000,170472
2023-11-28,Ujjani Dam,Solapur,1670,1667,170000,163785
2023-11-28,Jayakwadi Dam,Aurangabad,2030,1145,290000,289019
2023-11-28,Mulshi Dam,Pune,1782,1660,160000,155743
2023-11-29,Koyna Dam,Satara,1659,1689,200000,169955
2023-11-29,Bhatsa Dam,Thane,1450,2099,180000,164785
2023-11-29,Ujjani Dam,Solapur,2093,860,170000,162790
2023-11-29,Jayakwadi Dam,Aurangabad,2238,1909,290000,205008
2023-11-29,Mulshi Dam,Pune,2999,1315,160000,150883
2023-11-30,Koyna Dam,Satara,2645,2439,200000,151964
2023-11-30,Bhatsa Dam,Thane,2679,1788,180000,163485
2023-11-30,Ujjani Dam,Solapur,1932,2467,170000,164842
2023-11-30,Jayakwadi Dam,Aurangabad,1398,2081,290000,184822
2023-11-30,Mulshi Dam,Pune,1131,1368,160000,153057
2023-12-01,Koyna Dam,Satara,1953,1874,200000,181295
2023-12-01,Bhatsa Dam,Thane,2424,2235,180000,167687
2023-12-01,Ujjani Dam,Solapur,2624,1303,170000,156972
2023-12-01,Jayakwadi Dam,Aurangabad,1071,1719,290000,247538
2023-12-01,Mulshi Dam,Pune,1003,960,160000,155451
2023-12-02,Koyna Dam,Satara,1002,1343,200000,199434
2023-12-02,Bhatsa Dam,Thane,2265,1733,180000,174822
2023-12-02,Ujjani Dam,Solapur,1331,1739,170000,153323
2023-12-02,Jayakwadi Dam,Aurangabad,2641,1426,290000,280457
2023-12-02,Mulshi Dam,Pune,2241,2062,160000,158768
2023-12-03,Koyna Dam,Satara,2216,1805,200000,152808
2023-12-03,Bhatsa Dam,Thane,2947,2215,180000,157417
2023-12-03,Ujjani Dam,Solapur,1622,1970,170000,151157
2023-12-03,Jayakwadi Dam,Aurangabad,2012,1254,290000,268621
2023-12-03,Mulshi Dam,Pune,1133,2430,160000,154533
2023-12-04,Koyna Dam,Satara,1797,2308,200000,163456
2023-12-04,Bhatsa Dam,Thane,2151,2354,180000,176433
2023-12-04,Ujjani Dam,Solapur,1492,1329,170000,154753
2023-12-04,Jayakwadi Dam,Aurangabad,2591,2370,290000,245661
2023-12-04,Mulshi Dam,Pune,1822,895,160000,158674
2023-12-05,Koyna Dam,Satara,2076,2209,200000,194637
2023-12-05,Bhatsa Dam,Thane,2993,967,180000,169185
2023-12-05,Ujjani Dam,Solapur,2603,2383,170000,153120
2023-12-05,Jayakwadi Dam,Aurangabad,2450,1844,290000,246300
2023-12-05,Mulshi Dam,Pune,1275,849,160000,156367
2023-12-06,Koyna Dam,Satara,2471,1049,200000,153173
2023-12-06,Bhatsa Dam,Thane,1206,2079,180000,170297
2023-12-06,Ujjani Dam,Solapur,2749,855,170000,158171
2023-12-06,Jayakwadi Dam,Aurangabad,2014,1446,290000,266609
2023-12-06,Mulshi Dam,Pune,2520,1664,160000,153951
2023-12-07,Koyna Dam,Satara,1271,1489,200000,173907
2023-12-07,Bhatsa Dam,Thane,2838,1097,180000,176649
2023-12-07,Ujjani Dam,Solapur,2979,1742,170000,168664
2023-12-07,Jayakwadi Dam,Aurangabad,1828,2275,290000,179327
2023-12-07,Mulshi Dam,Pune,1922,1760,160000,156075
2023-12-08,Koyna Dam,Satara,2270,1699,200000,178398
2023-12-08,Bhatsa Dam,Thane,1075,1966,180000,161375
2023-12-08,Ujjani Dam,Solapur,2853,879,170000,163393
2023-12-08,Jayakwadi Dam,Aurangabad,2189,2049,290000,212421
2023-12-08,Mulshi Dam,Pune,2798,1334,160000,154683
2023-12-09,Koyna Dam,Satara,2485,905,200000,180720
2023-12-09,Bhatsa Dam,Thane,2297,2414,180000,163234
2023-12-09,Ujjani Dam,Solapur,2230,889,170000,167394
2023-12-09,Jayakwadi Dam,Aurangabad,1400,1152,290000,249805
2023-12-09,Mulshi Dam,Pune,1206,814,160000,150373
2023-12-10,Koyna Dam,Satara,1037,1891,200000,168547
2023-12-10,Bhatsa Dam,Thane,2930,2094,180000,151387
2023-12-10,Ujjani Dam,Solapur,3000,1027,170000,165987
2023-12-10,Jayakwadi Dam,Aurangabad,1009,1232,290000,172853
2023-12-10,Mulshi Dam,Pune,1102,1357,160000,152636
2023-12-11,Koyna Dam,Satara,2235,1407,200000,191378
2023-12-11,Bhatsa Dam,Thane,1318,1230,180000,174702
2023-12-11,Ujjani Dam,Solapur,1021,810,170000,153942
2023-12-11,Jayakwadi Dam,Aurangabad,1645,946,290000,207430
2023-12-11,Mulshi Dam,Pune,1412,1321,160000,156182
2023-12-12,Koyna Dam,Satara,1423,881,200000,150067
2023-12-12,Bhatsa Dam,Thane,1952,2268,180000,150046
2023-12-12,Ujjani Dam,Solapur,2260,1254,170000,151565
2023-12-12,Jayakwadi Dam,Aurangabad,1678,2463,290000,152236
2023-12-12,Mulshi Dam,Pune,2893,2025,160000,156409
2023-12-13,Koyna Dam,Satara,2810,884,200000,190824
2023-12-13,Bhatsa Dam,Thane,1267,1522,180000,171121
2023-12-13,Ujjani Dam,Solapur,2061,1785,170000,158667
2023-12-13,Jayakwadi Dam,Aurangabad,2943,1122,290000,163788
2023-12-13,Mulshi Dam,Pune,1459,957,160000,159050
2023-12-14,Koyna Dam,Satara,2911,1419,200000,199458
2023-12-14,Bhatsa Dam,Thane,2821,924,180000,155845
2023-12-14,Ujjani Dam,Solapur,1504,865,170000,165519
2023-12-14,Jayakwadi Dam,Aurangabad,1254,1813,290000,238237
2023-12-14,Mulshi Dam,Pune,2166,2105,160000,156354
2023-12-15,Koyna Dam,Satara,2060,1361,200000,185266
2023-12-15,Bhatsa Dam,Thane,2777,2121,180000,170606
2023-12-15,Ujjani Dam,Solapur,2404,1160,170000,166261
2023-12-15,Jayakwadi Dam,Aurangabad,2121,1760,290000,273734
2023-12-15,Mulshi Dam,Pune,1235,2130,160000,153812
2023-12-16,Koyna Dam,Satara,1785,2399,200000,165695
2023-12-16,Bhatsa Dam,Thane,1191,1838,180000,161278
2023-12-16,Ujjani Dam,Solapur,2354,1526,170000,166820
2023-12-16,Jayakwadi Dam,Aurangabad,1916,2186,290000,214698
2023-12-16,Mulshi Dam,Pune,1841,853,160000,153806
2023-12-17,Koyna Dam,Satara,2528,1907,200000,159647
2023-12-17,Bhatsa Dam,Thane,1030,2352,180000,171060
2023-12-17,Ujjani Dam,Solapur,2806,2161,170000,154550
2023-12-17,Jayakwadi Dam,Aurangabad,2129,1396,290000,190065
2023-12-17,Mulshi Dam,Pune,1606,1301,160000,159167
2023-12-18,Koyna Dam,Satara,2824,1470,200000,170992
2023-12-18,Bhatsa Dam,Thane,2566,1882,180000,161243
2023-12-18,Ujjani Dam,Solapur,2444,2008,170000,150972
2023-12-18,Jayakwadi Dam,Aurangabad,2508,1003,290000,176863
2023-12-18,Mulshi Dam,Pune,1371,1866,160000,150461
2023-12-19,Koyna Dam,Satara,2563,2302,200000,178427
2023-12-19,Bhatsa Dam,Thane,1011,1400,180000,162031
2023-12-19,Ujjani Dam,Solapur,2581,1141,170000,164386
2023-12-19,Jayakwadi Dam,Aurangabad,1427,1874,290000,274835
2023-12-19,Mulshi Dam,Pune,2881,1069,160000,159147
2023-12-20,Koyna Dam,Satara,2434,1507,200000,191086
2023-12-20,Bhatsa Dam,Thane,2747,2066,180000,171645
2023-12-20,Ujjani Dam,Solapur,1529,1720,170000,161584
2023-12-20,Jayakwadi Dam,Aurangabad,2615,854,290000,276875
2023-12-20,Mulshi Dam,Pune,2863,1422,160000,153028
2023-12-21,Koyna Dam,Satara,2561,1274,200000,161756
2023-12-21,Bhatsa Dam,Thane,2937,2160,180000,179707
2023-12-21,Ujjani Dam,Solapur,2193,1141,170000,151178
2023-12-21,Jayakwadi Dam,Aurangabad,2918,1374,290000,196390
2023-12-21,Mulshi Dam,Pune,2214,1575,160000,152305
2023-12-22,Koyna Dam,Satara,2881,1482,200000,194815
2023-12-22,Bhatsa Dam,Thane,2969,929,180000,175645
2023-12-22,Ujjani Dam,Solapur,1404,2317,170000,153062
2023-12-22,Jayakwadi Dam,Aurangabad,1723,1775,290000,281602
2023-12-22,Mulshi Dam,Pune,2567,930,160000,153901
2023-12-23,Koyna Dam,Satara,2461,2326,200000,176847
2023-12-23,Bhatsa Dam,Thane,2771,2013,180000,170735
2023-12-23,Ujjani Dam,Solapur,2104,1845,170000,163042
2023-12-23,Jayakwadi Dam,Aurangabad,1501,1799,290000,164300
2023-12-23,Mulshi Dam,Pune,1147,1464,160000,157771
2023-12-24,Koyna Dam,Satara,2962,1043,200000,195267
2023-12-24,Bhatsa Dam,Thane,1320,1116,180000,167618
2023-12-24,Ujjani Dam,Solapur,1288,1803,170000,165230
2023-12-24,Jayakwadi Dam,Aurangabad,2106,1191,290000,175478
2023-12-24,Mulshi Dam,Pune,1806,1196,160000,156495
2023-12-25,Koyna Dam,Satara,1559,1009,200000,158103
2023-12-25,Bhatsa Dam,Thane,1522,1116,180000,166420
2023-12-25,Ujjani Dam,Solapur,2260,1660,170000,161443
2023-12-25,Jayakwadi Dam,Aurangabad,1287,1105,290000,191647
2023-12-25,Mulshi Dam,Pune,2198,929,160000,151309
2023-12-26,Koyna Dam,Satara,1892,987,200000,161488
2023-12-26,Bhatsa Dam,Thane,1254,897,180000,173538
2023-12-26,Ujjani Dam,Solapur,2425,2299,170000,166613
2023-12-26,Jayakwadi Dam,Aurangabad,1834,1234,290000,153849
2023-12-26,Mulshi Dam,Pune,1153,1340,160000,153029
2023-12-27,Koyna Dam,Satara,2919,1577,200000,167319
2023-12-27,Bhatsa Dam,Thane,2346,1814,180000,172995
2023-12-27,Ujjani Dam,Solapur,2869,2022,170000,156314
2023-12-27,Jayakwadi Dam,Aurangabad,1380,1793,290000,190041
2023-12-27,Mulshi Dam,Pune,1366,2188,160000,154278
2023-12-28,Koyna Dam,Satara,1929,982,200000,167317
2023-12-28,Bhatsa Dam,Thane,2559,1895,180000,154219
2023-12-28,Ujjani Dam,Solapur,2693,890,170000,166431
2023-12-28,Jayakwadi Dam,Aurangabad,1206,2079,290000,230705
2023-12-28,Mulshi Dam,Pune,1765,2195,160000,152590
2023-12-29,Koyna Dam,Satara,1088,1041,200000,152508
2023-12-29,Bhatsa Dam,Thane,1877,2354,180000,175143
2023-12-29,Ujjani Dam,Solapur,1329,2336,170000,156817
2023-12-29,Jayakwadi Dam,Aurangabad,1319,851,290000,164608
2023-12-29,Mulshi Dam,Pune,1523,2196,160000,150694
2023-12-30,Koyna Dam,Satara,2301,1988,200000,181256
2023-12-30,Bhatsa Dam,Thane,2827,1295,180000,168810
2023-12-30,Ujjani Dam,Solapur,1840,2273,170000,159362
2023-12-30,Jayakwadi Dam,Aurangabad,2024,1019,290000,246413
2023-12-30,Mulshi Dam,Pune,1807,1334,160000,157314
2023-12-31,Koyna Dam,Satara,2791,1485,200000,158355
2023-12-31,Bhatsa Dam,Thane,1057,1020,180000,156903
2023-12-31,Ujjani Dam,Solapur,1620,1432,170000,158203
2023-12-31,Jayakwadi Dam,Aurangabad,1424,2093,290000,228958
2023-12-31,Mulshi Dam,Pune,2044,1109,160000,152037
