Date,District,Domestic (MLD),Industrial (MLD),Agricultural (MLD)
2023-01-01,Pune,1130,588,543
2023-01-01,Nagpur,534,847,569
2023-01-01,Nashik,622,973,629
2023-01-01,Mumbai,672,861,636
2023-01-01,Aurangabad,620,833,313
2023-01-02,Pune,996,843,215
2023-01-02,Nagpur,1042,516,343
2023-01-02,Nashik,721,951,728
2023-01-02,Mumbai,788,464,637
2023-01-02,Aurangabad,696,744,696
2023-01-03,Pune,604,930,314
2023-01-03,Nagpur,907,786,292
2023-01-03,Nashik,652,406,515
2023-01-03,Mumbai,1191,678,279
2023-01-03,Aurangabad,783,888,670
2023-01-04,Pune,916,863,449
2023-01-04,Nagpur,1007,571,546
2023-01-04,Nashik,824,968,383
2023-01-04,Mumbai,615,746,638
2023-01-04,Aurangabad,908,934,217
2023-01-05,Pune,873,997,522
2023-01-05,Nagpur,796,775,364
2023-01-05,Nashik,761,785,632
2023-01-05,Mumbai,1126,419,750
2023-01-05,Aurangabad,916,915,507
2023-01-06,Pune,506,786,555
2023-01-06,Nagpur,824,558,553
2023-01-06,Nashik,1169,789,526
2023-01-06,Mumbai,840,998,212
2023-01-06,Aurangabad,910,769,285
2023-01-07,Pune,1170,962,201
2023-01-07,Nagpur,863,845,634
2023-01-07,Nashik,516,617,444
2023-01-07,Mumbai,530,519,300
2023-01-07,Aurangabad,1028,805,352
2023-01-08,Pune,841,828,680
2023-01-08,Nagpur,1031,717,690
2023-01-08,Nashik,848,593,557
2023-01-08,Mumbai,898,496,242
2023-01-08,Aurangabad,1187,675,783
2023-01-09,Pune,537,552,233
2023-01-09,Nagpur,742,950,416
2023-01-09,Nashik,620,666,522
2023-01-09,Mumbai,513,981,640
2023-01-09,Aurangabad,1056,961,509
2023-01-10,Pune,848,664,487
2023-01-10,Nagpur,505,669,638
2023-01-10,Nashik,506,424,448
2023-01-10,Mumbai,828,614,624
2023-01-10,Aurangabad,1046,794,349
2023-01-11,Pune,880,472,689
2023-01-11,Nagpur,935,626,593
2023-01-11,Nashik,1014,438,423
2023-01-11,Mumbai,958,458,378
2023-01-11,Aurangabad,951,561,624
2023-01-12,Pune,884,622,330
2023-01-12,Nagpur,528,913,294
2023-01-12,Nashik,869,558,649
2023-01-12,Mumbai,1172,436,206
2023-01-12,Aurangabad,1062,990,262
2023-01-13,Pune,681,855,282
2023-01-13,Nagpur,792,753,272
2023-01-13,Nashik,1161,689,588
2023-01-13,Mumbai,547,600,594
2023-01-13,Aurangabad,762,726,207
2023-01-14,Pune,1029,912,706
2023-01-14,Nagpur,1072,807,666
2023-01-14,Nashik,775,627,346
2023-01-14,Mumbai,716,677,254
2023-01-14,Aurangabad,579,639,477
2023-01-15,Pune,1071,908,367
2023-01-15,Nagpur,550,939,596
2023-01-15,Nashik,1153,854,482
2023-01-15,Mumbai,841,822,799
2023-01-15,Aurangabad,1017,556,557
2023-01-16,Pune,536,908,484
2023-01-16,Nagpur,651,811,788
2023-01-16,Nashik,1169,867,408
2023-01-16,Mumbai,502,469,232
2023-01-16,Aurangabad,902,872,416
2023-01-17,Pune,964,903,709
2023-01-17,Nagpur,669,712,553
2023-01-17,Nashik,580,669,645
2023-01-17,Mumbai,774,706,283
2023-01-17,Aurangabad,687,449,683
2023-01-18,Pune,836,482,339
2023-01-18,Nagpur,725,584,798
2023-01-18,Nashik,1191,626,704
2023-01-18,Mumbai,724,421,449
2023-01-18,Aurangabad,1038,573,713
2023-01-19,Pune,735,731,710
2023-01-19,Nagpur,793,956,525
2023-01-19,Nashik,786,827,465
2023-01-19,Mumbai,841,458,231
2023-01-19,Aurangabad,623,939,348
2023-01-20,Pune,941,682,712
2023-01-20,Nagpur,857,988,595
2023-01-20,Nashik,1130,550,771
2023-01-20,Mumbai,649,529,508
2023-01-20,Aurangabad,846,440,429
2023-01-21,Pune,1004,430,499
2023-01-21,Nagpur,849,582,619
2023-01-21,Nashik,551,431,689
2023-01-21,Mumbai,1039,520,368
2023-01-21,Aurangabad,614,713,644
2023-01-22,Pune,1010,440,691
2023-01-22,Nagpur,700,584,523
2023-01-22,Nashik,840,572,370
2023-01-22,Mumbai,1156,954,580
2023-01-22,Aurangabad,1025,641,671
2023-01-23,Pune,954,879,233
2023-01-23,Nagpur,532,902,483
2023-01-23,Nashik,663,460,309
2023-01-23,Mumbai,811,882,424
2023-01-23,Aurangabad,1053,921,709
2023-01-24,Pune,636,865,568
2023-01-24,Nagpur,1165,854,602
2023-01-24,Nashik,697,729,617
2023-01-24,Mumbai,1158,740,496
2023-01-24,Aurangabad,667,788,207
2023-01-25,Pune,976,451,648
2023-01-25,Nagpur,774,453,491
2023-01-25,Nashik,688,679,545
2023-01-25,Mumbai,741,406,422
2023-01-25,Aurangabad,704,978,718
2023-01-26,Pune,515,565,480
2023-01-26,Nagpur,1014,836,759
2023-01-26,Nashik,740,621,305
2023-01-26,Mumbai,955,779,341
2023-01-26,Aurangabad,1070,826,289
2023-01-27,Pune,1186,726,550
2023-01-27,Nagpur,1056,770,407
2023-01-27,Nashik,529,904,596
2023-01-27,Mumbai,1117,692,684
2023-01-27,Aurangabad,806,928,427
2023-01-28,Pune,742,586,379
2023-01-28,Nagpur,1130,954,218
2023-01-28,Nashik,1092,447,591
2023-01-28,Mumbai,652,848,435
2023-01-28,Aurangabad,707,589,276
2023-01-29,Pune,914,871,267
2023-01-29,Nagpur,1024,952,615
2023-01-29,Nashik,678,678,676
2023-01-29,Mumbai,847,710,481
2023-01-29,Aurangabad,1136,733,266
2023-01-30,Pune,1008,472,289
2023-01-30,Nagpur,892,544,715
2023-01-30,Nashik,906,867,419
2023-01-30,Mumbai,1090,912,404
2023-01-30,Aurangabad,577,585,313
2023-01-31,Pune,1065,793,630
2023-01-31,Nagpur,549,816,200
2023-01-31,Nashik,655,952,799
2023-01-31,Mumbai,843,869,293
2023-01-31,Aurangabad,1176,721,287
2023-02-01,Pune,873,620,360
2023-02-01,Nagpur,1121,906,707
2023-02-01,Nashik,1040,513,539
2023-02-01,Mumbai,679,627,527
2023-02-01,Aurangabad,854,746,714
2023-02-02,Pune,1169,739,473
2023-02-02,Nagpur,1007,534,467
2023-02-02,Nashik,510,961,488
2023-02-02,Mumbai,670,619,765
2023-02-02,Aurangabad,865,727,772
2023-02-03,Pune,1008,575,574
2023-02-03,Nagpur,920,400,616
2023-02-03,Nashik,998,986,484
2023-02-03,Mumbai,945,620,488
2023-02-03,Aurangabad,616,711,583
2023-02-04,Pune,706,663,750
2023-02-04,Nagpur,1018,830,501
2023-02-04,Nashik,1030,749,733
2023-02-04,Mumbai,593,656,233
2023-02-04,Aurangabad,507,802,428
2023-02-05,Pune,787,822,581
2023-02-05,Nagpur,1196,632,757
2023-02-05,Nashik,712,460,774
2023-02-05,Mumbai,785,591,513
2023-02-05,Aurangabad,1108,631,701
2023-02-06,Pune,596,541,579
2023-02-06,Nagpur,872,835,751
2023-02-06,Nashik,932,874,590
2023-02-06,Mumbai,1174,492,485
2023-02-06,Aurangabad,500,463,474
2023-02-07,Pune,1064,900,540
2023-02-07,Nagpur,803,624,708
2023-02-07,Nashik,786,734,367
2023-02-07,Mumbai,658,761,240
2023-02-07,Aurangabad,637,834,742
2023-02-08,Pune,561,448,775
2023-02-08,Nagpur,832,749,416
2023-02-08,Nashik,647,422,384
2023-02-08,Mumbai,1128,846,785
2023-02-08,Aurangabad,514,591,389
2023-02-09,Pune,531,749,777
2023-02-09,Nagpur,752,594,368
2023-02-09,Nashik,502,924,677
2023-02-09,Mumbai,634,903,601
2023-02-09,Aurangabad,1145,729,748
2023-02-10,Pune,1134,455,393
2023-02-10,Nagpur,1122,791,409
2023-02-10,Nashik,1135,952,347
2023-02-10,Mumbai,747,674,278
2023-02-10,Aurangabad,1178,760,743
2023-02-11,Pune,606,912,563
2023-02-11,Nagpur,1141,719,202
2023-02-11,Nashik,1078,513,314
2023-02-11,Mumbai,679,902,569
2023-02-11,Aurangabad,820,626,582
2023-02-12,Pune,1160,982,686
2023-02-12,Nagpur,1113,874,446
2023-02-12,Nashik,706,849,381
2023-02-12,Mumbai,621,600,326
2023-02-12,Aurangabad,582,498,472
2023-02-13,Pune,865,649,658
2023-02-13,Nagpur,887,860,630
2023-02-13,Nashik,942,443,611
2023-02-13,Mumbai,1068,487,781
2023-02-13,Aurangabad,929,470,208
2023-02-14,Pune,672,992,590
2023-02-14,Nagpur,871,411,778
2023-02-14,Nashik,991,793,730
2023-02-14,Mumbai,676,607,776
2023-02-14,Aurangabad,726,997,238
2023-02-15,Pune,850,899,419
2023-02-15,Nagpur,534,600,685
2023-02-15,Nashik,1069,835,207
2023-02-15,Mumbai,779,454,780
2023-02-15,Aurangabad,627,679,535
2023-02-16,Pune,737,933,200
2023-02-16,Nagpur,725,567,311
2023-02-16,Nashik,1188,739,767
2023-02-16,Mumbai,903,804,325
2023-02-16,Aurangabad,840,651,780
2023-02-17,Pune,688,632,500
2023-02-17,Nagpur,1011,424,755
2023-02-17,Nashik,560,449,399
2023-02-17,Mumbai,607,469,705
2023-02-17,Aurangabad,1168,569,745
2023-02-18,Pune,522,427,341
2023-02-18,Nagpur,853,603,746
2023-02-18,Nashik,514,587,698
2023-02-18,Mumbai,616,918,327
2023-02-18,Aurangabad,747,439,451
2023-02-19,Pune,698,462,281
2023-02-19,Nagpur,1129,715,486
2023-02-19,Nashik,901,932,542
2023-02-19,Mumbai,794,702,249
2023-02-19,Aurangabad,867,452,374
2023-02-20,Pune,701,436,343
2023-02-20,Nagpur,805,659,518
2023-02-20,Nashik,1017,428,362
2023-02-20,Mumbai,953,687,586
2023-02-20,Aurangabad,793,846,525
2023-02-21,Pune,523,493,263
2023-02-21,Nagpur,752,984,249
2023-02-21,Nashik,1187,935,304
2023-02-21,Mumbai,1081,944,384
2023-02-21,Aurangabad,1055,650,408
2023-02-22,Pune,1033,643,358
2023-02-22,Nagpur,603,911,729
2023-02-22,Nashik,1152,814,641
2023-02-22,Mumbai,867,812,459
2023-02-22,Aurangabad,1076,485,593
2023-02-23,Pune,838,474,702
2023-02-23,Nagpur,679,938,427
2023-02-23,Nashik,1052,506,366
2023-02-23,Mumbai,1109,664,448
2023-02-23,Aurangabad,769,910,713
2023-02-24,Pune,1001,908,447
2023-02-24,Nagpur,785,591,358
2023-02-24,Nashik,614,470,242
2023-02-24,Mumbai,682,860,654
2023-02-24,Aurangabad,1155,870,282
2023-02-25,Pune,832,699,270
2023-02-25,Nagpur,995,986,230
2023-02-25,Nashik,1095,867,357
2023-02-25,Mumbai,580,788,396
2023-02-25,Aurangabad,944,933,744
2023-02-26,Pune,860,495,789
2023-02-26,Nagpur,1001,546,361
2023-02-26,Nashik,640,894,353
2023-02-26,Mumbai,758,424,711
2023-02-26,Aurangabad,662,422,400
2023-02-27,Pune,686,595,724
2023-02-27,Nagpur,620,920,384
2023-02-27,Nashik,829,513,761
2023-02-27,Mumbai,910,663,216
2023-02-27,Aurangabad,543,650,786
2023-02-28,Pune,706,594,205
2023-02-28,Nagpur,1143,609,222
2023-02-28,Nashik,697,491,606
2023-02-28,Mumbai,1196,822,421
2023-02-28,Aurangabad,930,405,668
2023-03-01,Pune,1111,595,274
2023-03-01,Nagpur,686,916,307
2023-03-01,Nashik,526,570,419
2023-03-01,Mumbai,1073,966,646
2023-03-01,Aurangabad,1181,423,671
2023-03-02,Pune,802,900,320
2023-03-02,Nagpur,658,988,495
2023-03-02,Nashik,842,780,779
2023-03-02,Mumbai,1047,958,590
2023-03-02,Aurangabad,980,447,334
2023-03-03,Pune,1186,869,530
2023-03-03,Nagpur,940,487,705
2023-03-03,Nashik,1118,705,315
2023-03-03,Mumbai,561,813,337
2023-03-03,Aurangabad,853,671,408
2023-03-04,Pune,564,611,591
2023-03-04,Nagpur,1038,542,426
2023-03-04,Nashik,1123,899,662
2023-03-04,Mumbai,1163,449,649
2023-03-04,Aurangabad,784,607,213
2023-03-05,Pune,508,478,361
2023-03-05,Nagpur,760,513,438
2023-03-05,Nashik,561,564,214
2023-03-05,Mumbai,686,726,709
2023-03-05,Aurangabad,837,712,499
2023-03-06,Pune,1144,481,765
2023-03-06,Nagpur,838,485,561
2023-03-06,Nashik,1061,601,240
2023-03-06,Mumbai,848,799,521
2023-03-06,Aurangabad,848,747,329
2023-03-07,Pune,1033,480,529
2023-03-07,Nagpur,947,954,610
2023-03-07,Nashik,561,519,338
2023-03-07,Mumbai,965,533,738
2023-03-07,Aurangabad,1121,876,737
2023-03-08,Pune,829,527,510
2023-03-08,Nagpur,669,877,627
2023-03-08,Nashik,907,464,592
2023-03-08,Mumbai,701,576,618
2023-03-08,Aurangabad,1003,418,443
2023-03-09,Pune,992,886,605
2023-03-09,Nagpur,953,523,262
2023-03-09,Nashik,853,545,238
2023-03-09,Mumbai,828,903,388
2023-03-09,Aurangabad,824,935,472
2023-03-10,Pune,889,478,436
2023-03-10,Nagpur,1091,702,245
2023-03-10,Nashik,540,818,433
2023-03-10,Mumbai,611,669,543
2023-03-10,Aurangabad,757,488,235
2023-03-11,Pune,1083,681,651
2023-03-11,Nagpur,764,787,736
2023-03-11,Nashik,956,591,343
2023-03-11,Mumbai,712,843,765
2023-03-11,Aurangabad,1082,932,312
2023-03-12,Pune,1055,547,345
2023-03-12,Nagpur,690,616,326
2023-03-12,Nashik,788,516,407
2023-03-12,Mumbai,626,566,284
2023-03-12,Aurangabad,663,581,473
2023-03-13,Pune,510,580,263
2023-03-13,Nagpur,871,961,531
2023-03-13,Nashik,1192,769,746
2023-03-13,Mumbai,1183,753,299
2023-03-13,Aurangabad,1145,802,762
2023-03-14,Pune,986,923,348
2023-03-14,Nagpur,938,720,422
2023-03-14,Nashik,985,909,573
2023-03-14,Mumbai,595,408,723
2023-03-14,Aurangabad,1055,558,572
2023-03-15,Pune,1188,971,554
2023-03-15,Nagpur,534,902,774
2023-03-15,Nashik,519,852,608
2023-03-15,Mumbai,991,728,309
2023-03-15,Aurangabad,1015,721,447
2023-03-16,Pune,508,663,649
2023-03-16,Nagpur,945,624,537
2023-03-16,Nashik,715,625,204
2023-03-16,Mumbai,571,840,574
2023-03-16,Aurangabad,707,883,707
2023-03-17,Pune,1138,831,203
2023-03-17,Nagpur,999,500,613
2023-03-17,Nashik,1151,990,618
2023-03-17,Mumbai,816,509,750
2023-03-17,Aurangabad,695,491,317
2023-03-18,Pune,647,958,574
2023-03-18,Nagpur,1009,495,378
2023-03-18,Nashik,1072,932,268
2023-03-18,Mumbai,677,867,693
2023-03-18,Aurangabad,643,548,533
2023-03-19,Pune,548,751,743
2023-03-19,Nagpur,620,980,648
2023-03-19,Nashik,985,643,372
2023-03-19,Mumbai,605,837,333
2023-03-19,Aurangabad,1182,953,466
2023-03-20,Pune,583,548,436
2023-03-20,Nagpur,588,544,212
2023-03-20,Nashik,907,964,724
2023-03-20,Mumbai,1007,999,311
2023-03-20,Aurangabad,528,931,463
2023-03-21,Pune,965,961,573
2023-03-21,Nagpur,1141,745,356
2023-03-21,Nashik,1097,998,569
2023-03-21,Mumbai,867,617,788
2023-03-21,Aurangabad,840,876,587
2023-03-22,Pune,856,975,215
2023-03-22,Nagpur,884,571,297
2023-03-22,Nashik,1090,617,405
2023-03-22,Mumbai,523,495,267
2023-03-22,Aurangabad,820,467,556
2023-03-23,Pune,927,982,220
2023-03-23,Nagpur,1080,428,277
2023-03-23,Nashik,845,960,425
2023-03-23,Mumbai,577,674,472
2023-03-23,Aurangabad,950,681,332
2023-03-24,Pune,549,558,795
2023-03-24,Nagpur,830,967,697
2023-03-24,Nashik,1100,858,775
2023-03-24,Mumbai,972,979,614
2023-03-24,Aurangabad,1012,984,677
2023-03-25,Pune,675,973,543
2023-03-25,Nagpur,1187,561,286
2023-03-25,Nashik,609,813,763
2023-03-25,Mumbai,634,679,543
2023-03-25,Aurangabad,705,676,406
2023-03-26,Pune,1138,913,244
2023-03-26,Nagpur,892,574,282
2023-03-26,Nashik,980,642,438
2023-03-26,Mumbai,793,777,495
2023-03-26,Aurangabad,586,711,747
2023-03-27,Pune,676,489,739
2023-03-27,Nagpur,797,774,274
2023-03-27,Nashik,835,913,354
2023-03-27,Mumbai,939,809,783
2023-03-27,Aurangabad,1127,551,648
2023-03-28,Pune,1149,752,232
2023-03-28,Nagpur,825,956,344
2023-03-28,Nashik,806,958,219
2023-03-28,Mumbai,1038,447,767
2023-03-28,Aurangabad,792,961,568
2023-03-29,Pune,948,756,793
2023-03-29,Nagpur,1141,529,584
2023-03-29,Nashik,692,527,242
2023-03-29,Mumbai,1057,842,227
2023-03-29,Aurangabad,508,659,288
2023-03-30,Pune,565,447,280
2023-03-30,Nagpur,615,647,212
2023-03-30,Nashik,598,928,523
2023-03-30,Mumbai,907,524,757
2023-03-30,Aurangabad,785,477,343
2023-03-31,Pune,561,458,393
2023-03-31,Nagpur,848,435,293
2023-03-31,Nashik,780,979,478
2023-03-31,Mumbai,844,765,800
2023-03-31,Aurangabad,929,439,717
2023-04-01,Pune,718,766,217
2023-04-01,Nagpur,1013,956,544
2023-04-01,Nashik,507,913,507
2023-04-01,Mumbai,836,483,327
2023-04-01,Aurangabad,791,702,386
2023-04-02,Pune,583,638,716
2023-04-02,Nagpur,541,783,499
2023-04-02,Nashik,801,807,662
2023-04-02,Mumbai,1155,993,316
2023-04-02,Aurangabad,684,957,652
2023-04-03,Pune,1064,484,502
2023-04-03,Nagpur,1083,688,583
2023-04-03,Nashik,959,902,373
2023-04-03,Mumbai,721,474,528
2023-04-03,Aurangabad,1160,529,552
2023-04-04,Pune,742,787,610
2023-04-04,Nagpur,826,682,429
2023-04-04,Nashik,827,869,257
2023-04-04,Mumbai,940,647,469
2023-04-04,Aurangabad,781,913,372
2023-04-05,Pune,1154,775,489
2023-04-05,Nagpur,920,801,705
2023-04-05,Nashik,1057,745,451
2023-04-05,Mumbai,575,648,570
2023-04-05,Aurangabad,989,495,747
2023-04-06,Pune,546,874,736
2023-04-06,Nagpur,922,959,353
2023-04-06,Nashik,666,521,595
2023-04-06,Mumbai,540,801,332
2023-04-06,Aurangabad,760,602,490
2023-04-07,Pune,1090,730,558
2023-04-07,Nagpur,944,589,488
2023-04-07,Nashik,1092,619,556
2023-04-07,Mumbai,896,941,611
2023-04-07,Aurangabad,1148,854,314
2023-04-08,Pune,1060,720,586
2023-04-08,Nagpur,672,719,534
2023-04-08,Nashik,532,790,236
2023-04-08,Mumbai,869,863,665
2023-04-08,Aurangabad,848,862,678
2023-04-09,Pune,706,649,268
2023-04-09,Nagpur,1091,993,401
2023-04-09,Nashik,1075,640,210
2023-04-09,Mumbai,1107,542,587
2023-04-09,Aurangabad,808,660,545
2023-04-10,Pune,1063,530,513
2023-04-10,Nagpur,669,628,416
2023-04-10,Nashik,670,693,474
2023-04-10,Mumbai,1197,704,363
2023-04-10,Aurangabad,994,830,715
2023-04-11,Pune,1087,621,431
2023-04-11,Nagpur,715,603,654
2023-04-11,Nashik,926,467,348
2023-04-11,Mumbai,1051,880,296
2023-04-11,Aurangabad,1023,544,398
2023-04-12,Pune,605,533,228
2023-04-12,Nagpur,589,838,677
2023-04-12,Nashik,518,515,571
2023-04-12,Mumbai,754,639,401
2023-04-12,Aurangabad,993,842,546
2023-04-13,Pune,519,951,536
2023-04-13,Nagpur,811,568,453
2023-04-13,Nashik,1144,915,482
2023-04-13,Mumbai,739,461,784
2023-04-13,Aurangabad,960,432,378
2023-04-14,Pune,1030,544,303
2023-04-14,Nagpur,1044,528,271
2023-04-14,Nashik,721,799,534
2023-04-14,Mumbai,873,685,354
2023-04-14,Aurangabad,969,449,639
2023-04-15,Pune,1163,981,689
2023-04-15,Nagpur,927,430,208
2023-04-15,Nashik,827,462,259
2023-04-15,Mumbai,1085,761,514
2023-04-15,Aurangabad,1128,826,450
2023-04-16,Pune,948,708,571
2023-04-16,Nagpur,767,587,499
2023-04-16,Nashik,978,480,797
2023-04-16,Mumbai,730,999,621
2023-04-16,Aurangabad,698,562,404
2023-04-17,Pune,1050,617,395
2023-04-17,Nagpur,1037,499,541
2023-04-17,Nashik,767,798,364
2023-04-17,Mumbai,770,487,732
2023-04-17,Aurangabad,1195,758,593
2023-04-18,Pune,902,956,713
2023-04-18,Nagpur,592,503,445
2023-04-18,Nashik,1087,716,697
2023-04-18,Mumbai,861,920,281
2023-04-18,Aurangabad,1083,596,675
2023-04-19,Pune,1123,700,333
2023-04-19,Nagpur,776,644,473
2023-04-19,Nashik,666,912,467
2023-04-19,Mumbai,707,847,441
2023-04-19,Aurangabad,1129,762,762
2023-04-20,Pune,1169,780,496
2023-04-20,Nagpur,631,928,540
2023-04-20,Nashik,972,549,350
2023-04-20,Mumbai,789,564,420
2023-04-20,Aurangabad,1019,552,470
2023-04-21,Pune,917,894,421
2023-04-21,Nagpur,1186,701,335
2023-04-21,Nashik,629,499,589
2023-04-21,Mumbai,520,769,302
2023-04-21,Aurangabad,1015,932,387
2023-04-22,Pune,1046,849,579
2023-04-22,Nagpur,868,608,618
2023-04-22,Nashik,1147,844,358
2023-04-22,Mumbai,1040,944,542
2023-04-22,Aurangabad,708,552,761
2023-04-23,Pune,696,830,578
2023-04-23,Nagpur,1176,886,714
2023-04-23,Nashik,717,550,587
2023-04-23,Mumbai,771,884,618
2023-04-23,Aurangabad,930,938,632
2023-04-24,Pune,947,820,628
2023-04-24,Nagpur,796,413,699
2023-04-24,Nashik,870,823,339
2023-04-24,Mumbai,815,636,339
2023-04-24,Aurangabad,527,985,416
2023-04-25,Pune,699,542,484
2023-04-25,Nagpur,813,420,657
2023-04-25,Nashik,745,440,688
2023-04-25,Mumbai,543,743,659
2023-04-25,Aurangabad,1180,618,396
2023-04-26,Pune,580,721,456
2023-04-26,Nagpur,530,794,352
2023-04-26,Nashik,1189,563,366
2023-04-26,Mumbai,679,828,435
2023-04-26,Aurangabad,899,930,379
2023-04-27,Pune,1051,626,617
2023-04-27,Nagpur,585,422,427
2023-04-27,Nashik,1176,458,558
2023-04-27,Mumbai,1157,635,519
2023-04-27,Aurangabad,835,785,621
2023-04-28,Pune,710,608,530
2023-04-28,Nagpur,813,520,500
2023-04-28,Nashik,519,982,754
2023-04-28,Mumbai,720,549,623
2023-04-28,Aurangabad,859,628,263
2023-04-29,Pune,1035,948,222
2023-04-29,Nagpur,908,550,672
2023-04-29,Nashik,586,764,469
2023-04-29,Mumbai,835,750,222
2023-04-29,Aurangabad,1113,529,617
2023-04-30,Pune,1179,869,707
2023-04-30,Nagpur,571,548,559
2023-04-30,Nashik,1060,638,755
2023-04-30,Mumbai,962,553,487
2023-04-30,Aurangabad,975,403,659
2023-05-01,Pune,984,838,364
2023-05-01,Nagpur,736,865,571
2023-05-01,Nashik,1014,756,667
2023-05-01,Mumbai,638,944,419
2023-05-01,Aurangabad,622,418,298
2023-05-02,Pune,984,996,262
2023-05-02,Nagpur,1024,869,313
2023-05-02,Nashik,1156,628,524
2023-05-02,Mumbai,1088,813,541
2023-05-02,Aurangabad,672,450,395
2023-05-03,Pune,638,466,755
2023-05-03,Nagpur,994,567,271
2023-05-03,Nashik,636,885,419
2023-05-03,Mumbai,997,960,668
2023-05-03,Aurangabad,633,875,592
2023-05-04,Pune,885,551,649
2023-05-04,Nagpur,1048,851,463
2023-05-04,Nashik,770,549,603
2023-05-04,Mumbai,1176,944,460
2023-05-04,Aurangabad,747,649,524
2023-05-05,Pune,708,507,527
2023-05-05,Nagpur,960,701,440
2023-05-05,Nashik,1117,513,232
2023-05-05,Mumbai,860,954,525
2023-05-05,Aurangabad,902,610,260
2023-05-06,Pune,868,432,313
2023-05-06,Nagpur,546,584,257
2023-05-06,Nashik,843,919,498
2023-05-06,Mumbai,963,470,478
2023-05-06,Aurangabad,1027,872,563
2023-05-07,Pune,855,867,392
2023-05-07,Nagpur,1034,587,550
2023-05-07,Nashik,826,945,609
2023-05-07,Mumbai,684,498,592
2023-05-07,Aurangabad,944,581,677
2023-05-08,Pune,852,522,769
2023-05-08,Nagpur,521,834,362
2023-05-08,Nashik,1136,446,568
2023-05-08,Mumbai,991,508,787
2023-05-08,Aurangabad,697,562,259
2023-05-09,Pune,614,571,790
2023-05-09,Nagpur,576,829,216
2023-05-09,Nashik,748,692,624
2023-05-09,Mumbai,603,458,307
2023-05-09,Aurangabad,876,500,347
2023-05-10,Pune,849,617,230
2023-05-10,Nagpur,814,758,695
2023-05-10,Nashik,916,944,314
2023-05-10,Mumbai,633,439,527
2023-05-10,Aurangabad,881,757,759
2023-05-11,Pune,847,527,322
2023-05-11,Nagpur,962,472,617
2023-05-11,Nashik,516,539,425
2023-05-11,Mumbai,575,926,383
2023-05-11,Aurangabad,678,806,530
2023-05-12,Pune,893,999,790
2023-05-12,Nagpur,768,415,627
2023-05-12,Nashik,584,761,499
2023-05-12,Mumbai,610,459,391
2023-05-12,Aurangabad,1156,690,331
2023-05-13,Pune,538,593,204
2023-05-13,Nagpur,606,641,285
2023-05-13,Nashik,610,969,574
2023-05-13,Mumbai,783,994,462
2023-05-13,Aurangabad,943,455,592
2023-05-14,Pune,1005,542,372
2023-05-14,Nagpur,1115,889,514
2023-05-14,Nashik,1087,595,305
2023-05-14,Mumbai,841,989,269
2023-05-14,Aurangabad,1123,808,631
2023-05-15,Pune,1181,886,746
2023-05-15,Nagpur,541,573,534
2023-05-15,Nashik,922,811,573
2023-05-15,Mumbai,542,490,656
2023-05-15,Aurangabad,701,674,410
2023-05-16,Pune,571,860,625
2023-05-16,Nagpur,682,998,461
2023-05-16,Nashik,1031,606,706
2023-05-16,Mumbai,1031,919,560
2023-05-16,Aurangabad,926,963,357
2023-05-17,Pune,1051,663,740
2023-05-17,Nagpur,609,866,552
2023-05-17,Nashik,1005,806,356
2023-05-17,Mumbai,593,820,672
2023-05-17,Aurangabad,723,706,419
2023-05-18,Pune,1084,665,321
2023-05-18,Nagpur,915,556,401
2023-05-18,Nashik,852,711,550
2023-05-18,Mumbai,980,586,381
2023-05-18,Aurangabad,747,435,627
2023-05-19,Pune,1002,632,792
2023-05-19,Nagpur,624,497,656
2023-05-19,Nashik,1105,858,799
2023-05-19,Mumbai,708,650,713
2023-05-19,Aurangabad,714,863,607
2023-05-20,Pune,859,902,737
2023-05-20,Nagpur,1009,532,417
2023-05-20,Nashik,860,891,571
2023-05-20,Mumbai,1062,771,346
2023-05-20,Aurangabad,765,804,527
2023-05-21,Pune,802,986,361
2023-05-21,Nagpur,546,797,215
2023-05-21,Nashik,639,792,402
2023-05-21,Mumbai,978,473,256
2023-05-21,Aurangabad,619,803,403
2023-05-22,Pune,1188,700,696
2023-05-22,Nagpur,635,659,363
2023-05-22,Nashik,1010,446,743
2023-05-22,Mumbai,1157,766,497
2023-05-22,Aurangabad,704,681,317
2023-05-23,Pune,564,672,466
2023-05-23,Nagpur,769,436,439
2023-05-23,Nashik,718,939,242
2023-05-23,Mumbai,502,886,712
2023-05-23,Aurangabad,1001,641,658
2023-05-24,Pune,850,441,786
2023-05-24,Nagpur,631,468,663
2023-05-24,Nashik,545,659,766
2023-05-24,Mumbai,549,959,386
2023-05-24,Aurangabad,598,994,250
2023-05-25,Pune,816,762,221
2023-05-25,Nagpur,1021,978,430
2023-05-25,Nashik,873,472,458
2023-05-25,Mumbai,1150,815,709
2023-05-25,Aurangabad,645,538,582
2023-05-26,Pune,1015,777,473
2023-05-26,Nagpur,675,856,522
2023-05-26,Nashik,813,821,459
2023-05-26,Mumbai,1066,539,533
2023-05-26,Aurangabad,802,891,410
2023-05-27,Pune,1024,798,744
2023-05-27,Nagpur,1069,901,246
2023-05-27,Nashik,1184,910,545
2023-05-27,Mumbai,950,743,516
2023-05-27,Aurangabad,1067,901,763
2023-05-28,Pune,1026,886,722
2023-05-28,Nagpur,931,938,274
2023-05-28,Nashik,887,553,560
2023-05-28,Mumbai,1142,505,262
2023-05-28,Aurangabad,1097,838,226
2023-05-29,Pune,1196,582,264
2023-05-29,Nagpur,898,643,365
2023-05-29,Nashik,932,735,578
2023-05-29,Mumbai,876,461,536
2023-05-29,Aurangabad,695,644,741
2023-05-30,Pune,867,898,591
2023-05-30,Nagpur,773,776,345
2023-05-30,Nashik,808,749,446
2023-05-30,Mumbai,608,825,313
2023-05-30,Aurangabad,768,908,500
2023-05-31,Pune,1069,829,637
2023-05-31,Nagpur,737,590,645
2023-05-31,Nashik,1100,635,453
2023-05-31,Mumbai,951,499,716
2023-05-31,Aurangabad,546,435,454
2023-06-01,Pune,989,972,585
2023-06-01,Nagpur,820,814,377
2023-06-01,Nashik,815,908,590
2023-06-01,Mumbai,964,693,308
2023-06-01,Aurangabad,834,457,484
2023-06-02,Pune,1006,526,680
2023-06-02,Nagpur,561,736,501
2023-06-02,Nashik,1129,447,767
2023-06-02,Mumbai,566,405,548
2023-06-02,Aurangabad,801,948,661
2023-06-03,Pune,1037,832,272
2023-06-03,Nagpur,838,660,775
2023-06-03,Nashik,1025,683,328
2023-06-03,Mumbai,895,864,420
2023-06-03,Aurangabad,904,496,643
2023-06-04,Pune,638,530,610
2023-06-04,Nagpur,802,719,707
2023-06-04,Nashik,587,443,398
2023-06-04,Mumbai,1052,433,599
2023-06-04,Aurangabad,589,848,762
2023-06-05,Pune,533,517,510
2023-06-05,Nagpur,735,548,793
2023-06-05,Nashik,825,884,650
2023-06-05,Mumbai,1012,518,422
2023-06-05,Aurangabad,1155,847,749
2023-06-06,Pune,1088,952,686
2023-06-06,Nagpur,505,914,438
2023-06-06,Nashik,753,635,587
2023-06-06,Mumbai,547,473,375
2023-06-06,Aurangabad,594,456,717
2023-06-07,Pune,752,574,673
2023-06-07,Nagpur,503,610,477
2023-06-07,Nashik,1106,985,286
2023-06-07,Mumbai,1112,770,245
2023-06-07,Aurangabad,871,749,491
2023-06-08,Pune,838,403,664
2023-06-08,Nagpur,730,719,708
2023-06-08,Nashik,676,854,415
2023-06-08,Mumbai,922,931,243
2023-06-08,Aurangabad,1006,509,678
2023-06-09,Pune,840,518,401
2023-06-09,Nagpur,1130,905,689
2023-06-09,Nashik,848,465,590
2023-06-09,Mumbai,1179,591,538
2023-06-09,Aurangabad,648,722,474
2023-06-10,Pune,620,423,274
2023-06-10,Nagpur,842,415,392
2023-06-10,Nashik,1033,480,554
2023-06-10,Mumbai,1154,805,612
2023-06-10,Aurangabad,806,549,505
2023-06-11,Pune,717,743,572
2023-06-11,Nagpur,848,423,427
2023-06-11,Nashik,949,749,474
2023-06-11,Mumbai,848,469,439
2023-06-11,Aurangabad,1130,664,666
2023-06-12,Pune,905,794,524
2023-06-12,Nagpur,1173,796,312
2023-06-12,Nashik,638,776,235
2023-06-12,Mumbai,1021,988,449
2023-06-12,Aurangabad,694,509,645
2023-06-13,Pune,1144,817,737
2023-06-13,Nagpur,659,632,721
2023-06-13,Nashik,860,646,349
2023-06-13,Mumbai,704,820,251
2023-06-13,Aurangabad,1178,456,496
2023-06-14,Pune,787,957,399
2023-06-14,Nagpur,825,447,654
2023-06-14,Nashik,994,867,585
2023-06-14,Mumbai,617,445,331
2023-06-14,Aurangabad,1151,502,373
2023-06-15,Pune,807,563,481
2023-06-15,Nagpur,706,427,659
2023-06-15,Nashik,570,935,663
2023-06-15,Mumbai,664,686,709
2023-06-15,Aurangabad,1048,716,710
2023-06-16,Pune,1046,890,694
2023-06-16,Nagpur,841,735,460
2023-06-16,Nashik,855,545,589
2023-06-16,Mumbai,870,947,569
2023-06-16,Aurangabad,837,517,430
2023-06-17,Pune,915,465,474
2023-06-17,Nagpur,768,413,713
2023-06-17,Nashik,582,774,645
2023-06-17,Mumbai,1184,991,510
2023-06-17,Aurangabad,1031,743,283
2023-06-18,Pune,810,534,649
2023-06-18,Nagpur,891,894,455
2023-06-18,Nashik,634,454,406
2023-06-18,Mumbai,908,554,750
2023-06-18,Aurangabad,506,516,255
2023-06-19,Pune,666,494,591
2023-06-19,Nagpur,626,400,490
2023-06-19,Nashik,934,594,520
2023-06-19,Mumbai,642,402,772
2023-06-19,Aurangabad,905,963,387
2023-06-20,Pune,948,980,633
2023-06-20,Nagpur,640,561,601
2023-06-20,Nashik,561,460,759
2023-06-20,Mumbai,1027,641,526
2023-06-20,Aurangabad,621,484,547
2023-06-21,Pune,547,486,375
2023-06-21,Nagpur,769,712,401
2023-06-21,Nashik,823,929,684
2023-06-21,Mumbai,1136,972,459
2023-06-21,Aurangabad,560,729,474
2023-06-22,Pune,515,887,505
2023-06-22,Nagpur,622,956,720
2023-06-22,Nashik,972,871,311
2023-06-22,Mumbai,927,663,721
2023-06-22,Aurangabad,720,934,750
2023-06-23,Pune,639,554,773
2023-06-23,Nagpur,505,492,208
2023-06-23,Nashik,916,887,226
2023-06-23,Mumbai,851,845,326
2023-06-23,Aurangabad,1180,651,247
2023-06-24,Pune,659,576,796
2023-06-24,Nagpur,774,875,537
2023-06-24,Nashik,919,445,415
2023-06-24,Mumbai,823,803,295
2023-06-24,Aurangabad,907,556,365
2023-06-25,Pune,744,710,339
2023-06-25,Nagpur,1014,864,454
2023-06-25,Nashik,920,838,269
2023-06-25,Mumbai,530,932,796
2023-06-25,Aurangabad,909,456,283
2023-06-26,Pune,916,986,728
2023-06-26,Nagpur,881,464,781
2023-06-26,Nashik,622,515,443
2023-06-26,Mumbai,541,416,608
2023-06-26,Aurangabad,918,566,700
2023-06-27,Pune,763,977,596
2023-06-27,Nagpur,507,540,470
2023-06-27,Nashik,835,514,364
2023-06-27,Mumbai,956,983,253
2023-06-27,Aurangabad,941,515,652
2023-06-28,Pune,659,717,304
2023-06-28,Nagpur,599,925,786
2023-06-28,Nashik,869,430,226
2023-06-28,Mumbai,1139,788,623
2023-06-28,Aurangabad,1019,580,623
2023-06-29,Pune,901,900,357
2023-06-29,Nagpur,912,848,761
2023-06-29,Nashik,1106,493,697
2023-06-29,Mumbai,1122,687,577
2023-06-29,Aurangabad,1009,463,767
2023-06-30,Pune,553,437,523
2023-06-30,Nagpur,902,781,431
2023-06-30,Nashik,891,639,329
2023-06-30,Mumbai,1131,977,340
2023-06-30,Aurangabad,552,855,695
2023-07-01,Pune,726,684,429
2023-07-01,Nagpur,863,922,284
2023-07-01,Nashik,855,504,395
2023-07-01,Mumbai,901,980,780
2023-07-01,Aurangabad,591,659,467
2023-07-02,Pune,906,630,436
2023-07-02,Nagpur,949,986,728
2023-07-02,Nashik,609,657,512
2023-07-02,Mumbai,616,918,397
2023-07-02,Aurangabad,785,536,680
2023-07-03,Pune,877,840,325
2023-07-03,Nagpur,954,548,644
2023-07-03,Nashik,553,620,447
2023-07-03,Mumbai,965,968,242
2023-07-03,Aurangabad,932,690,632
2023-07-04,Pune,1194,779,232
2023-07-04,Nagpur,556,751,787
2023-07-04,Nashik,786,552,586
2023-07-04,Mumbai,1088,457,278
2023-07-04,Aurangabad,842,890,484
2023-07-05,Pune,931,401,472
2023-07-05,Nagpur,834,863,514
2023-07-05,Nashik,672,840,256
2023-07-05,Mumbai,593,506,203
2023-07-05,Aurangabad,666,991,519
2023-07-06,Pune,1169,804,205
2023-07-06,Nagpur,1171,492,574
2023-07-06,Nashik,986,928,290
2023-07-06,Mumbai,579,887,612
2023-07-06,Aurangabad,1136,593,671
2023-07-07,Pune,710,680,222
2023-07-07,Nagpur,589,667,546
2023-07-07,Nashik,608,817,284
2023-07-07,Mumbai,546,593,204
2023-07-07,Aurangabad,538,683,592
2023-07-08,Pune,980,686,578
2023-07-08,Nagpur,750,663,382
2023-07-08,Nashik,1131,468,518
2023-07-08,Mumbai,834,820,508
2023-07-08,Aurangabad,568,522,280
2023-07-09,Pune,1093,476,615
2023-07-09,Nagpur,959,939,207
2023-07-09,Nashik,654,874,446
2023-07-09,Mumbai,681,564,458
2023-07-09,Aurangabad,676,686,779
2023-07-10,Pune,1052,906,645
2023-07-10,Nagpur,952,782,678
2023-07-10,Nashik,586,914,320
2023-07-10,Mumbai,1133,909,297
2023-07-10,Aurangabad,521,845,590
2023-07-11,Pune,1128,673,342
2023-07-11,Nagpur,594,554,274
2023-07-11,Nashik,1038,531,614
2023-07-11,Mumbai,700,730,240
2023-07-11,Aurangabad,843,645,367
2023-07-12,Pune,804,963,636
2023-07-12,Nagpur,1037,904,664
2023-07-12,Nashik,699,979,372
2023-07-12,Mumbai,793,977,327
2023-07-12,Aurangabad,554,991,504
2023-07-13,Pune,648,756,220
2023-07-13,Nagpur,1095,722,240
2023-07-13,Nashik,1042,597,476
2023-07-13,Mumbai,857,435,517
2023-07-13,Aurangabad,883,739,240
2023-07-14,Pune,1133,965,314
2023-07-14,Nagpur,927,874,367
2023-07-14,Nashik,872,528,776
2023-07-14,Mumbai,694,740,596
2023-07-14,Aurangabad,938,405,322
2023-07-15,Pune,675,471,204
2023-07-15,Nagpur,743,803,589
2023-07-15,Nashik,781,509,551
2023-07-15,Mumbai,982,428,566
2023-07-15,Aurangabad,742,433,669
2023-07-16,Pune,781,604,720
2023-07-16,Nagpur,1086,613,261
2023-07-16,Nashik,1096,607,793
2023-07-16,Mumbai,977,586,539
2023-07-16,Aurangabad,608,985,490
2023-07-17,Pune,565,664,240
2023-07-17,Nagpur,1078,653,629
2023-07-17,Nashik,930,990,642
2023-07-17,Mumbai,1118,628,719
2023-07-17,Aurangabad,1167,695,656
2023-07-18,Pune,1074,748,497
2023-07-18,Nagpur,1160,890,399
2023-07-18,Nashik,994,847,775
2023-07-18,Mumbai,934,479,469
2023-07-18,Aurangabad,547,446,580
2023-07-19,Pune,532,818,617
2023-07-19,Nagpur,681,564,731
2023-07-19,Nashik,632,963,676
2023-07-19,Mumbai,1151,615,218
2023-07-19,Aurangabad,858,530,304
2023-07-20,Pune,1150,906,779
2023-07-20,Nagpur,563,491,642
2023-07-20,Nashik,711,829,333
2023-07-20,Mumbai,759,576,746
2023-07-20,Aurangabad,1020,599,361
2023-07-21,Pune,601,828,722
2023-07-21,Nagpur,844,803,449
2023-07-21,Nashik,874,461,265
2023-07-21,Mumbai,1174,593,798
2023-07-21,Aurangabad,674,799,540
2023-07-22,Pune,901,438,323
2023-07-22,Nagpur,1119,879,790
2023-07-22,Nashik,1026,745,506
2023-07-22,Mumbai,500,699,234
2023-07-22,Aurangabad,877,596,665
2023-07-23,Pune,923,504,242
2023-07-23,Nagpur,1149,730,426
2023-07-23,Nashik,1169,875,342
2023-07-23,Mumbai,656,773,700
2023-07-23,Aurangabad,606,707,321
2023-07-24,Pune,1041,959,281
2023-07-24,Nagpur,796,967,290
2023-07-24,Nashik,792,838,479
2023-07-24,Mumbai,714,919,377
2023-07-24,Aurangabad,617,907,698
2023-07-25,Pune,534,529,413
2023-07-25,Nagpur,1172,647,598
2023-07-25,Nashik,1163,974,382
2023-07-25,Mumbai,888,586,475
2023-07-25,Aurangabad,721,685,433
2023-07-26,Pune,931,758,758
2023-07-26,Nagpur,678,749,711
2023-07-26,Nashik,600,575,498
2023-07-26,Mumbai,1167,706,487
2023-07-26,Aurangabad,687,684,221
2023-07-27,Pune,837,761,684
2023-07-27,Nagpur,775,877,402
2023-07-27,Nashik,564,856,651
2023-07-27,Mumbai,830,743,282
2023-07-27,Aurangabad,804,966,406
2023-07-28,Pune,604,734,363
2023-07-28,Nagpur,684,737,207
2023-07-28,Nashik,634,538,327
2023-07-28,Mumbai,773,698,543
2023-07-28,Aurangabad,840,517,587
2023-07-29,Pune,523,481,773
2023-07-29,Nagpur,633,1000,486
2023-07-29,Nashik,501,759,445
2023-07-29,Mumbai,600,880,556
2023-07-29,Aurangabad,926,572,736
2023-07-30,Pune,1143,866,635
2023-07-30,Nagpur,600,941,548
2023-07-30,Nashik,784,911,370
2023-07-30,Mumbai,694,723,716
2023-07-30,Aurangabad,957,474,711
2023-07-31,Pune,795,881,738
2023-07-31,Nagpur,582,510,754
2023-07-31,Nashik,504,990,447
2023-07-31,Mumbai,1196,487,550
2023-07-31,Aurangabad,690,486,695
2023-08-01,Pune,907,881,423
2023-08-01,Nagpur,1103,617,281
2023-08-01,Nashik,831,908,550
2023-08-01,Mumbai,1090,969,344
2023-08-01,Aurangabad,512,431,284
2023-08-02,Pune,628,540,262
2023-08-02,Nagpur,880,429,646
2023-08-02,Nashik,770,876,681
2023-08-02,Mumbai,673,837,292
2023-08-02,Aurangabad,1115,670,627
2023-08-03,Pune,564,502,761
2023-08-03,Nagpur,797,538,776
2023-08-03,Nashik,601,409,747
2023-08-03,Mumbai,908,470,291
2023-08-03,Aurangabad,616,585,673
2023-08-04,Pune,1154,796,556
2023-08-04,Nagpur,889,942,229
2023-08-04,Nashik,1191,559,239
2023-08-04,Mumbai,965,611,553
2023-08-04,Aurangabad,629,859,493
2023-08-05,Pune,1055,429,736
2023-08-05,Nagpur,550,831,488
2023-08-05,Nashik,978,621,726
2023-08-05,Mumbai,1112,480,593
2023-08-05,Aurangabad,788,935,649
2023-08-06,Pune,1122,816,590
2023-08-06,Nagpur,514,597,215
2023-08-06,Nashik,1048,918,793
2023-08-06,Mumbai,926,539,435
2023-08-06,Aurangabad,1004,953,459
2023-08-07,Pune,980,408,224
2023-08-07,Nagpur,669,549,225
2023-08-07,Nashik,1104,752,392
2023-08-07,Mumbai,960,894,394
2023-08-07,Aurangabad,1069,522,258
2023-08-08,Pune,798,684,549
2023-08-08,Nagpur,666,722,677
2023-08-08,Nashik,972,848,422
2023-08-08,Mumbai,1092,716,604
2023-08-08,Aurangabad,782,526,437
2023-08-09,Pune,572,551,376
2023-08-09,Nagpur,1142,421,412
2023-08-09,Nashik,1193,475,211
2023-08-09,Mumbai,899,818,460
2023-08-09,Aurangabad,682,731,418
2023-08-10,Pune,915,866,336
2023-08-10,Nagpur,1186,759,234
2023-08-10,Nashik,1039,841,687
2023-08-10,Mumbai,554,948,365
2023-08-10,Aurangabad,1026,870,254
2023-08-11,Pune,888,770,713
2023-08-11,Nagpur,778,963,327
2023-08-11,Nashik,722,518,743
2023-08-11,Mumbai,1113,702,445
2023-08-11,Aurangabad,597,988,239
2023-08-12,Pune,580,622,686
2023-08-12,Nagpur,795,702,613
2023-08-12,Nashik,1198,759,644
2023-08-12,Mumbai,973,750,489
2023-08-12,Aurangabad,976,736,419
2023-08-13,Pune,1013,986,233
2023-08-13,Nagpur,1127,595,750
2023-08-13,Nashik,1102,597,798
2023-08-13,Mumbai,1092,782,748
2023-08-13,Aurangabad,1005,682,300
2023-08-14,Pune,732,857,714
2023-08-14,Nagpur,599,710,311
2023-08-14,Nashik,863,671,387
2023-08-14,Mumbai,876,432,748
2023-08-14,Aurangabad,530,718,751
2023-08-15,Pune,734,663,439
2023-08-15,Nagpur,651,669,587
2023-08-15,Nashik,605,605,568
2023-08-15,Mumbai,530,889,658
2023-08-15,Aurangabad,864,610,394
2023-08-16,Pune,674,873,225
2023-08-16,Nagpur,1098,967,771
2023-08-16,Nashik,603,487,634
2023-08-16,Mumbai,660,792,449
2023-08-16,Aurangabad,655,945,771
2023-08-17,Pune,867,675,595
2023-08-17,Nagpur,697,746,247
2023-08-17,Nashik,721,430,671
2023-08-17,Mumbai,982,976,697
2023-08-17,Aurangabad,1108,694,215
2023-08-18,Pune,884,749,432
2023-08-18,Nagpur,733,921,779
2023-08-18,Nashik,1097,612,394
2023-08-18,Mumbai,829,571,721
2023-08-18,Aurangabad,665,765,711
2023-08-19,Pune,1015,928,596
2023-08-19,Nagpur,755,798,683
2023-08-19,Nashik,911,633,424
2023-08-19,Mumbai,968,889,686
2023-08-19,Aurangabad,1027,819,522
2023-08-20,Pune,559,940,567
2023-08-20,Nagpur,623,493,577
2023-08-20,Nashik,1130,418,337
2023-08-20,Mumbai,1060,406,495
2023-08-20,Aurangabad,1071,413,542
2023-08-21,Pune,759,939,234
2023-08-21,Nagpur,1026,857,667
2023-08-21,Nashik,762,864,238
2023-08-21,Mumbai,897,454,403
2023-08-21,Aurangabad,513,866,629
2023-08-22,Pune,1079,721,597
2023-08-22,Nagpur,1039,926,381
2023-08-22,Nashik,841,574,771
2023-08-22,Mumbai,679,681,252
2023-08-22,Aurangabad,508,473,693
2023-08-23,Pune,632,776,393
2023-08-23,Nagpur,543,726,209
2023-08-23,Nashik,603,955,514
2023-08-23,Mumbai,905,870,623
2023-08-23,Aurangabad,843,656,553
2023-08-24,Pune,520,970,232
2023-08-24,Nagpur,826,873,244
2023-08-24,Nashik,687,877,652
2023-08-24,Mumbai,502,606,394
2023-08-24,Aurangabad,820,692,725
2023-08-25,Pune,882,541,584
2023-08-25,Nagpur,833,651,532
2023-08-25,Nashik,945,875,551
2023-08-25,Mumbai,1065,959,212
2023-08-25,Aurangabad,531,641,274
2023-08-26,Pune,626,434,769
2023-08-26,Nagpur,1172,633,474
2023-08-26,Nashik,1076,952,620
2023-08-26,Mumbai,760,766,781
2023-08-26,Aurangabad,1121,801,363
2023-08-27,Pune,1032,421,450
2023-08-27,Nagpur,775,994,735
2023-08-27,Nashik,973,652,615
2023-08-27,Mumbai,941,799,288
2023-08-27,Aurangabad,708,721,349
2023-08-28,Pune,676,584,736
2023-08-28,Nagpur,711,963,799
2023-08-28,Nashik,1140,818,382
2023-08-28,Mumbai,629,675,368
2023-08-28,Aurangabad,961,996,587
2023-08-29,Pune,566,424,624
2023-08-29,Nagpur,800,447,734
2023-08-29,Nashik,511,457,443
2023-08-29,Mumbai,524,509,410
2023-08-29,Aurangabad,576,545,443
2023-08-30,Pune,1097,776,240
2023-08-30,Nagpur,1162,403,478
2023-08-30,Nashik,1097,971,468
2023-08-30,Mumbai,590,759,798
2023-08-30,Aurangabad,507,673,327
2023-08-31,Pune,1152,679,710
2023-08-31,Nagpur,762,620,201
2023-08-31,Nashik,560,836,776
2023-08-31,Mumbai,1019,892,560
2023-08-31,Aurangabad,795,603,396
2023-09-01,Pune,1168,734,508
2023-09-01,Nagpur,1147,897,594
2023-09-01,Nashik,551,554,546
2023-09-01,Mumbai,521,933,512
2023-09-01,Aurangabad,866,894,544
2023-09-02,Pune,592,857,308
2023-09-02,Nagpur,613,915,393
2023-09-02,Nashik,1115,848,597
2023-09-02,Mumbai,591,690,774
2023-09-02,Aurangabad,534,559,300
2023-09-03,Pune,645,614,355
2023-09-03,Nagpur,878,627,708
2023-09-03,Nashik,724,707,769
2023-09-03,Mumbai,1193,744,532
2023-09-03,Aurangabad,606,674,755
2023-09-04,Pune,708,596,612
2023-09-04,Nagpur,1002,664,720
2023-09-04,Nashik,935,882,448
2023-09-04,Mumbai,866,927,349
2023-09-04,Aurangabad,1070,650,528
2023-09-05,Pune,1172,439,496
2023-09-05,Nagpur,943,990,410
2023-09-05,Nashik,1049,427,372
2023-09-05,Mumbai,1119,418,207
2023-09-05,Aurangabad,689,947,700
2023-09-06,Pune,677,596,207
2023-09-06,Nagpur,820,830,531
2023-09-06,Nashik,1164,499,416
2023-09-06,Mumbai,778,611,451
2023-09-06,Aurangabad,727,711,214
2023-09-07,Pune,894,515,402
2023-09-07,Nagpur,784,565,543
2023-09-07,Nashik,783,433,431
2023-09-07,Mumbai,792,559,485
2023-09-07,Aurangabad,695,916,231
2023-09-08,Pune,1117,647,434
2023-09-08,Nagpur,523,681,516
2023-09-08,Nashik,1082,483,573
2023-09-08,Mumbai,765,838,301
2023-09-08,Aurangabad,511,663,719
2023-09-09,Pune,571,743,253
2023-09-09,Nagpur,528,922,611
2023-09-09,Nashik,646,692,357
2023-09-09,Mumbai,915,870,663
2023-09-09,Aurangabad,509,584,606
2023-09-10,Pune,1028,922,667
2023-09-10,Nagpur,841,617,463
2023-09-10,Nashik,686,631,497
2023-09-10,Mumbai,924,764,684
2023-09-10,Aurangabad,828,774,297
2023-09-11,Pune,615,658,630
2023-09-11,Nagpur,547,855,687
2023-09-11,Nashik,1118,447,421
2023-09-11,Mumbai,727,976,490
2023-09-11,Aurangabad,1013,445,203
2023-09-12,Pune,1002,988,353
2023-09-12,Nagpur,1133,555,201
2023-09-12,Nashik,1105,757,310
2023-09-12,Mumbai,1185,797,512
2023-09-12,Aurangabad,726,558,520
2023-09-13,Pune,890,420,297
2023-09-13,Nagpur,769,988,396
2023-09-13,Nashik,864,400,370
2023-09-13,Mumbai,891,922,678
2023-09-13,Aurangabad,1022,465,303
2023-09-14,Pune,1013,890,354
2023-09-14,Nagpur,596,741,571
2023-09-14,Nashik,1145,718,372
2023-09-14,Mumbai,811,461,599
2023-09-14,Aurangabad,757,537,211
2023-09-15,Pune,621,422,389
2023-09-15,Nagpur,643,879,534
2023-09-15,Nashik,575,453,704
2023-09-15,Mumbai,545,924,710
2023-09-15,Aurangabad,1141,503,380
2023-09-16,Pune,1114,573,499
2023-09-16,Nagpur,999,697,417
2023-09-16,Nashik,976,883,248
2023-09-16,Mumbai,1111,899,584
2023-09-16,Aurangabad,867,580,725
2023-09-17,Pune,781,867,779
2023-09-17,Nagpur,714,603,224
2023-09-17,Nashik,1003,484,383
2023-09-17,Mumbai,809,641,621
2023-09-17,Aurangabad,799,595,409
2023-09-18,Pune,902,599,371
2023-09-18,Nagpur,912,828,396
2023-09-18,Nashik,1122,820,460
2023-09-18,Mumbai,1100,902,415
2023-09-18,Aurangabad,825,792,210
2023-09-19,Pune,1103,703,378
2023-09-19,Nagpur,843,838,552
2023-09-19,Nashik,1003,908,564
2023-09-19,Mumbai,677,929,459
2023-09-19,Aurangabad,625,998,758
2023-09-20,Pune,731,677,772
2023-09-20,Nagpur,627,506,297
2023-09-20,Nashik,724,458,688
2023-09-20,Mumbai,1165,927,493
2023-09-20,Aurangabad,958,554,338
2023-09-21,Pune,781,631,672
2023-09-21,Nagpur,933,569,290
2023-09-21,Nashik,899,726,275
2023-09-21,Mumbai,895,700,217
2023-09-21,Aurangabad,784,944,593
2023-09-22,Pune,699,612,671
2023-09-22,Nagpur,1016,417,738
2023-09-22,Nashik,1183,866,612
2023-09-22,Mumbai,708,478,350
2023-09-22,Aurangabad,1063,616,761
2023-09-23,Pune,582,730,371
2023-09-23,Nagpur,728,478,711
2023-09-23,Nashik,672,831,464
2023-09-23,Mumbai,641,714,505
2023-09-23,Aurangabad,526,701,498
2023-09-24,Pune,884,491,262
2023-09-24,Nagpur,927,943,303
2023-09-24,Nashik,881,494,253
2023-09-24,Mumbai,569,442,479
2023-09-24,Aurangabad,826,841,495
2023-09-25,Pune,1181,758,385
2023-09-25,Nagpur,1063,642,483
2023-09-25,Nashik,1162,499,733
2023-09-25,Mumbai,599,539,678
2023-09-25,Aurangabad,574,974,283
2023-09-26,Pune,542,640,542
2023-09-26,Nagpur,593,628,759
2023-09-26,Nashik,1176,864,697
2023-09-26,Mumbai,1019,545,476
2023-09-26,Aurangabad,784,676,508
2023-09-27,Pune,780,572,471
2023-09-27,Nagpur,785,596,721
2023-09-27,Nashik,1038,934,646
2023-09-27,Mumbai,1195,669,611
2023-09-27,Aurangabad,754,436,368
2023-09-28,Pune,672,447,479
2023-09-28,Nagpur,616,920,380
2023-09-28,Nashik,706,458,442
2023-09-28,Mumbai,824,921,363
2023-09-28,Aurangabad,1118,714,300
2023-09-29,Pune,756,510,325
2023-09-29,Nagpur,1147,407,702
2023-09-29,Nashik,719,419,542
2023-09-29,Mumbai,771,548,541
2023-09-29,Aurangabad,710,916,300
2023-09-30,Pune,826,948,481
2023-09-30,Nagpur,531,726,448
2023-09-30,Nashik,1104,508,540
2023-09-30,Mumbai,983,857,487
2023-09-30,Aurangabad,539,809,399
2023-10-01,Pune,584,716,303
2023-10-01,Nagpur,1198,945,626
2023-10-01,Nashik,1077,930,348
2023-10-01,Mumbai,1108,488,398
2023-10-01,Aurangabad,986,860,375
2023-10-02,Pune,1154,986,243
2023-10-02,Nagpur,739,616,764
2023-10-02,Nashik,1154,458,225
2023-10-02,Mumbai,795,563,797
2023-10-02,Aurangabad,696,801,204
2023-10-03,Pune,1065,967,707
2023-10-03,Nagpur,502,756,502
2023-10-03,Nashik,1000,976,422
2023-10-03,Mumbai,670,634,662
2023-10-03,Aurangabad,959,676,365
2023-10-04,Pune,597,946,783
2023-10-04,Nagpur,816,469,353
2023-10-04,Nashik,555,717,783
2023-10-04,Mumbai,728,517,290
2023-10-04,Aurangabad,803,847,758
2023-10-05,Pune,903,425,335
2023-10-05,Nagpur,877,631,534
2023-10-05,Nashik,1063,709,502
2023-10-05,Mumbai,1030,944,604
2023-10-05,Aurangabad,783,705,284
2023-10-06,Pune,978,918,787
2023-10-06,Nagpur,824,764,580
2023-10-06,Nashik,905,486,463
2023-10-06,Mumbai,1001,514,232
2023-10-06,Aurangabad,552,499,369
2023-10-07,Pune,779,750,272
2023-10-07,Nagpur,1098,803,699
2023-10-07,Nashik,571,681,614
2023-10-07,Mumbai,882,817,324
2023-10-07,Aurangabad,715,597,696
2023-10-08,Pune,866,631,333
2023-10-08,Nagpur,869,914,642
2023-10-08,Nashik,590,704,595
2023-10-08,Mumbai,918,659,345
2023-10-08,Aurangabad,520,427,477
2023-10-09,Pune,937,903,264
2023-10-09,Nagpur,827,854,388
2023-10-09,Nashik,875,692,767
2023-10-09,Mumbai,1102,408,788
2023-10-09,Aurangabad,529,917,275
2023-10-10,Pune,900,452,254
2023-10-10,Nagpur,1004,689,218
2023-10-10,Nashik,1058,615,281
2023-10-10,Mumbai,939,792,633
2023-10-10,Aurangabad,917,523,577
2023-10-11,Pune,781,892,652
2023-10-11,Nagpur,593,448,727
2023-10-11,Nashik,763,996,403
2023-10-11,Mumbai,760,833,388
2023-10-11,Aurangabad,622,935,417
2023-10-12,Pune,644,464,234
2023-10-12,Nagpur,963,767,271
2023-10-12,Nashik,1006,977,470
2023-10-12,Mumbai,863,687,722
2023-10-12,Aurangabad,967,807,241
2023-10-13,Pune,652,734,564
2023-10-13,Nagpur,715,405,734
2023-10-13,Nashik,716,483,601
2023-10-13,Mumbai,511,879,524
2023-10-13,Aurangabad,881,592,438
2023-10-14,Pune,901,719,204
2023-10-14,Nagpur,556,899,544
2023-10-14,Nashik,1108,913,795
2023-10-14,Mumbai,511,894,316
2023-10-14,Aurangabad,1144,941,425
2023-10-15,Pune,530,828,737
2023-10-15,Nagpur,1136,497,261
2023-10-15,Nashik,826,532,296
2023-10-15,Mumbai,675,606,358
2023-10-15,Aurangabad,604,875,392
2023-10-16,Pune,1111,712,223
2023-10-16,Nagpur,640,940,237
2023-10-16,Nashik,752,702,595
2023-10-16,Mumbai,611,583,627
2023-10-16,Aurangabad,537,587,527
2023-10-17,Pune,776,722,633
2023-10-17,Nagpur,857,536,779
2023-10-17,Nashik,728,791,617
2023-10-17,Mumbai,1156,874,685
2023-10-17,Aurangabad,791,881,416
2023-10-18,Pune,914,686,579
2023-10-18,Nagpur,884,979,713
2023-10-18,Nashik,1067,984,693
2023-10-18,Mumbai,661,973,410
2023-10-18,Aurangabad,568,918,320
2023-10-19,Pune,1089,641,787
2023-10-19,Nagpur,1032,904,717
2023-10-19,Nashik,1016,715,511
2023-10-19,Mumbai,1142,951,537
2023-10-19,Aurangabad,536,753,200
2023-10-20,Pune,721,817,533
2023-10-20,Nagpur,764,949,791
2023-10-20,Nashik,568,425,250
2023-10-20,Mumbai,765,458,669
2023-10-20,Aurangabad,532,607,675
2023-10-21,Pune,976,667,509
2023-10-21,Nagpur,943,765,508
2023-10-21,Nashik,941,513,283
2023-10-21,Mumbai,740,714,293
2023-10-21,Aurangabad,770,528,271
2023-10-22,Pune,820,930,263
2023-10-22,Nagpur,1195,653,683
2023-10-22,Nashik,1119,784,642
2023-10-22,Mumbai,1191,688,256
2023-10-22,Aurangabad,1166,447,503
2023-10-23,Pune,1152,743,700
2023-10-23,Nagpur,639,418,788
2023-10-23,Nashik,1156,979,441
2023-10-23,Mumbai,780,583,633
2023-10-23,Aurangabad,1071,642,404
2023-10-24,Pune,649,695,273
2023-10-24,Nagpur,921,898,702
2023-10-24,Nashik,739,783,344
2023-10-24,Mumbai,584,415,782
2023-10-24,Aurangabad,957,902,322
2023-10-25,Pune,1173,787,435
2023-10-25,Nagpur,860,683,278
2023-10-25,Nashik,657,563,292
2023-10-25,Mumbai,1181,437,698
2023-10-25,Aurangabad,821,994,388
2023-10-26,Pune,746,665,339
2023-10-26,Nagpur,537,478,391
2023-10-26,Nashik,1028,862,775
2023-10-26,Mumbai,1056,979,366
2023-10-26,Aurangabad,569,453,394
2023-10-27,Pune,737,502,478
2023-10-27,Nagpur,1162,748,690
2023-10-27,Nashik,907,937,763
2023-10-27,Mumbai,769,945,237
2023-10-27,Aurangabad,1156,787,649
2023-10-28,Pune,1137,966,477
2023-10-28,Nagpur,1143,760,656
2023-10-28,Nashik,664,713,416
2023-10-28,Mumbai,887,913,664
2023-10-28,Aurangabad,851,956,471
2023-10-29,Pune,1195,751,448
2023-10-29,Nagpur,1078,742,421
2023-10-29,Nashik,1035,643,423
2023-10-29,Mumbai,736,765,398
2023-10-29,Aurangabad,904,980,581
2023-10-30,Pune,825,458,662
2023-10-30,Nagpur,952,920,290
2023-10-30,Nashik,573,848,622
2023-10-30,Mumbai,787,903,311
2023-10-30,Aurangabad,1179,884,347
2023-10-31,Pune,931,733,383
2023-10-31,Nagpur,961,821,440
2023-10-31,Nashik,908,769,557
2023-10-31,Mumbai,1086,605,328
2023-10-31,Aurangabad,1118,537,647
2023-11-01,Pune,528,994,321
2023-11-01,Nagpur,1082,555,535
2023-11-01,Nashik,807,861,257
2023-11-01,Mumbai,1108,414,292
2023-11-01,Aurangabad,970,550,652
2023-11-02,Pune,822,844,276
2023-11-02,Nagpur,882,725,304
2023-11-02,Nashik,1060,977,653
2023-11-02,Mumbai,696,620,202
2023-11-02,Aurangabad,827,405,748
2023-11-03,Pune,842,766,551
2023-11-03,Nagpur,1031,839,584
2023-11-03,Nashik,1098,626,448
2023-11-03,Mumbai,1107,745,428
2023-11-03,Aurangabad,809,881,255
2023-11-04,Pune,767,636,560
2023-11-04,Nagpur,820,826,470
2023-11-04,Nashik,1124,750,329
2023-11-04,Mumbai,811,425,390
2023-11-04,Aurangabad,1056,603,571
2023-11-05,Pune,1160,678,227
2023-11-05,Nagpur,504,492,301
2023-11-05,Nashik,1033,776,238
2023-11-05,Mumbai,1137,767,552
2023-11-05,Aurangabad,828,931,465
2023-11-06,Pune,1079,470,254
2023-11-06,Nagpur,811,775,772
2023-11-06,Nashik,628,597,405
2023-11-06,Mumbai,970,908,237
2023-11-06,Aurangabad,1185,803,228
2023-11-07,Pune,925,706,800
2023-11-07,Nagpur,950,944,277
2023-11-07,Nashik,1045,659,769
2023-11-07,Mumbai,577,854,300
2023-11-07,Aurangabad,1189,643,495
2023-11-08,Pune,1130,938,713
2023-11-08,Nagpur,533,407,718
2023-11-08,Nashik,1153,676,443
2023-11-08,Mumbai,1150,565,532
2023-11-08,Aurangabad,658,497,768
2023-11-09,Pune,671,598,470
2023-11-09,Nagpur,1043,955,512
2023-11-09,Nashik,586,819,239
2023-11-09,Mumbai,960,497,344
2023-11-09,Aurangabad,828,899,547
2023-11-10,Pune,866,843,387
2023-11-10,Nagpur,1129,433,595
2023-11-10,Nashik,748,501,760
2023-11-10,Mumbai,812,961,224
2023-11-10,Aurangabad,1087,580,602
2023-11-11,Pune,726,490,563
2023-11-11,Nagpur,680,753,587
2023-11-11,Nashik,704,628,204
2023-11-11,Mumbai,891,957,475
2023-11-11,Aurangabad,745,837,355
2023-11-12,Pune,1007,599,765
2023-11-12,Nagpur,717,637,274
2023-11-12,Nashik,1120,462,286
2023-11-12,Mumbai,708,931,252
2023-11-12,Aurangabad,1067,656,503
2023-11-13,Pune,857,410,436
2023-11-13,Nagpur,1075,453,268
2023-11-13,Nashik,501,497,561
2023-11-13,Mumbai,941,969,766
2023-11-13,Aurangabad,1044,541,553
2023-11-14,Pune,1121,657,435
2023-11-14,Nagpur,986,469,275
2023-11-14,Nashik,748,462,716
2023-11-14,Mumbai,742,877,206
2023-11-14,Aurangabad,540,975,643
2023-11-15,Pune,554,574,442
2023-11-15,Nagpur,597,867,598
2023-11-15,Nashik,908,624,769
2023-11-15,Mumbai,1134,983,508
2023-11-15,Aurangabad,791,769,351
2023-11-16,Pune,707,772,705
2023-11-16,Nagpur,1160,558,646
2023-11-16,Nashik,1014,749,404
2023-11-16,Mumbai,990,416,646
2023-11-16,Aurangabad,952,676,745
2023-11-17,Pune,690,905,616
2023-11-17,Nagpur,808,829,303
2023-11-17,Nashik,797,687,704
2023-11-17,Mumbai,857,539,472
2023-11-17,Aurangabad,783,602,572
2023-11-18,Pune,1056,488,510
2023-11-18,Nagpur,1027,469,578
2023-11-18,Nashik,698,928,569
2023-11-18,Mumbai,607,853,472
2023-11-18,Aurangabad,715,967,589
2023-11-19,Pune,894,878,605
2023-11-19,Nagpur,705,623,636
2023-11-19,Nashik,697,604,618
2023-11-19,Mumbai,502,414,486
2023-11-19,Aurangabad,1004,581,357
2023-11-20,Pune,675,950,724
2023-11-20,Nagpur,833,749,250
2023-11-20,Nashik,674,530,452
2023-11-20,Mumbai,737,804,304
2023-11-20,Aurangabad,779,789,430
2023-11-21,Pune,519,976,676
2023-11-21,Nagpur,1189,775,610
2023-11-21,Nashik,836,934,619
2023-11-21,Mumbai,578,947,723
2023-11-21,Aurangabad,758,482,418
2023-11-22,Pune,711,444,216
2023-11-22,Nagpur,563,714,769
2023-11-22,Nashik,1130,996,413
2023-11-22,Mumbai,546,620,590
2023-11-22,Aurangabad,1169,982,675
2023-11-23,Pune,633,679,362
2023-11-23,Nagpur,847,495,316
2023-11-23,Nashik,1006,646,250
2023-11-23,Mumbai,1112,489,665
2023-11-23,Aurangabad,779,681,436
2023-11-24,Pune,847,798,345
2023-11-24,Nagpur,951,841,233
2023-11-24,Nashik,1089,873,621
2023-11-24,Mumbai,746,586,298
2023-11-24,Aurangabad,663,888,547
2023-11-25,Pune,1165,783,310
2023-11-25,Nagpur,852,957,700
2023-11-25,Nashik,837,607,215
2023-11-25,Mumbai,956,544,683
2023-11-25,Aurangabad,826,674,546
2023-11-26,Pune,747,953,776
2023-11-26,Nagpur,870,908,577
2023-11-26,Nashik,1119,721,221
2023-11-26,Mumbai,1171,569,436
2023-11-26,Aurangabad,714,945,410
2023-11-27,Pune,667,635,700
2023-11-27,Nagpur,840,843,383
2023-11-27,Nashik,630,927,599
2023-11-27,Mumbai,729,457,557
2023-11-27,Aurangabad,603,791,797
2023-11-28,Pune,1154,588,785
2023-11-28,Nagpur,741,744,447
2023-11-28,Nashik,990,705,765
2023-11-28,Mumbai,883,776,641
2023-11-28,Aurangabad,1022,830,219
2023-11-29,Pune,518,767,624
2023-11-29,Nagpur,913,528,535
2023-11-29,Nashik,566,404,503
2023-11-29,Mumbai,1152,510,373
2023-11-29,Aurangabad,1166,693,361
2023-11-30,Pune,1159,986,644
2023-11-30,Nagpur,1103,669,716
2023-11-30,Nashik,767,462,264
2023-11-30,Mumbai,799,907,635
2023-11-30,Aurangabad,657,507,409
2023-12-01,Pune,821,904,656
2023-12-01,Nagpur,1172,891,741
2023-12-01,Nashik,1069,578,724
2023-12-01,Mumbai,917,781,615
2023-12-01,Aurangabad,557,731,571
2023-12-02,Pune,915,592,348
2023-12-02,Nagpur,522,465,780
2023-12-02,Nashik,617,451,659
2023-12-02,Mumbai,748,409,439
2023-12-02,Aurangabad,956,493,541
2023-12-03,Pune,570,730,669
2023-12-03,Nagpur,1021,498,650
2023-12-03,Nashik,1195,624,461
2023-12-03,Mumbai,688,564,216
2023-12-03,Aurangabad,555,503,483
2023-12-04,Pune,545,834,333
2023-12-04,Nagpur,757,847,251
2023-12-04,Nashik,819,806,247
2023-12-04,Mumbai,814,644,655
2023-12-04,Aurangabad,570,920,710
2023-12-05,Pune,547,518,799
2023-12-05,Nagpur,904,794,615
2023-12-05,Nashik,901,881,210
2023-12-05,Mumbai,659,451,681
2023-12-05,Aurangabad,1032,966,603
2023-12-06,Pune,773,432,220
2023-12-06,Nagpur,737,781,584
2023-12-06,Nashik,534,674,464
2023-12-06,Mumbai,730,789,641
2023-12-06,Aurangabad,620,594,451
2023-12-07,Pune,621,592,775
2023-12-07,Nagpur,1024,583,428
2023-12-07,Nashik,1022,853,396
2023-12-07,Mumbai,1159,758,552
2023-12-07,Aurangabad,650,969,447
2023-12-08,Pune,557,456,637
2023-12-08,Nagpur,1006,587,702
2023-12-08,Nashik,1070,708,253
2023-12-08,Mumbai,955,658,366
2023-12-08,Aurangabad,764,769,659
2023-12-09,Pune,646,789,625
2023-12-09,Nagpur,664,883,732
2023-12-09,Nashik,699,711,394
2023-12-09,Mumbai,1075,612,360
2023-12-09,Aurangabad,659,635,456
2023-12-10,Pune,838,593,580
2023-12-10,Nagpur,704,936,340
2023-12-10,Nashik,505,727,233
2023-12-10,Mumbai,1168,745,263
2023-12-10,Aurangabad,915,840,566
2023-12-11,Pune,664,832,762
2023-12-11,Nagpur,1130,844,430
2023-12-11,Nashik,944,892,755
2023-12-11,Mumbai,995,400,684
2023-12-11,Aurangabad,914,932,518
2023-12-12,Pune,581,744,702
2023-12-12,Nagpur,697,938,357
2023-12-12,Nashik,1080,457,754
2023-12-12,Mumbai,820,710,624
2023-12-12,Aurangabad,1001,927,501
2023-12-13,Pune,1097,474,475
2023-12-13,Nagpur,505,847,735
2023-12-13,Nashik,527,694,707
2023-12-13,Mumbai,530,648,552
2023-12-13,Aurangabad,1067,765,244
2023-12-14,Pune,1101,527,655
2023-12-14,Nagpur,1167,890,361
2023-12-14,Nashik,702,848,441
2023-12-14,Mumbai,577,583,326
2023-12-14,Aurangabad,567,417,329
2023-12-15,Pune,595,536,680
2023-12-15,Nagpur,955,600,349
2023-12-15,Nashik,1163,405,720
2023-12-15,Mumbai,949,759,768
2023-12-15,Aurangabad,1114,448,419
2023-12-16,Pune,905,848,746
2023-12-16,Nagpur,715,509,261
2023-12-16,Nashik,1081,724,574
2023-12-16,Mumbai,1172,776,318
2023-12-16,Aurangabad,693,614,609
2023-12-17,Pune,1179,813,300
2023-12-17,Nagpur,855,953,588
2023-12-17,Nashik,912,942,777
2023-12-17,Mumbai,1012,712,528
2023-12-17,Aurangabad,738,814,608
2023-12-18,Pune,899,723,663
2023-12-18,Nagpur,1184,545,648
2023-12-18,Nashik,1144,659,463
2023-12-18,Mumbai,1042,472,240
2023-12-18,Aurangabad,1003,506,300
2023-12-19,Pune,917,536,484
2023-12-19,Nagpur,666,615,417
2023-12-19,Nashik,714,712,628
2023-12-19,Mumbai,759,499,295
2023-12-19,Aurangabad,1122,768,554
2023-12-20,Pune,563,406,254
2023-12-20,Nagpur,756,822,229
2023-12-20,Nashik,1079,912,532
2023-12-20,Mumbai,756,551,704
2023-12-20,Aurangabad,503,718,703
2023-12-21,Pune,560,425,207
2023-12-21,Nagpur,979,909,596
2023-12-21,Nashik,928,474,784
2023-12-21,Mumbai,907,662,402
2023-12-21,Aurangabad,507,640,695
2023-12-22,Pune,1095,855,591
2023-12-22,Nagpur,870,438,702
2023-12-22,Nashik,933,716,697
2023-12-22,Mumbai,529,520,419
2023-12-22,Aurangabad,1197,674,781
2023-12-23,Pune,1056,647,349
2023-12-23,Nagpur,1095,479,217
2023-12-23,Nashik,946,703,722
2023-12-23,Mumbai,984,795,505
2023-12-23,Aurangabad,794,939,779
2023-12-24,Pune,737,787,622
2023-12-24,Nagpur,1011,735,789
2023-12-24,Nashik,1172,599,383
2023-12-24,Mumbai,632,835,661
2023-12-24,Aurangabad,949,963,536
2023-12-25,Pune,576,517,716
2023-12-25,Nagpur,1184,718,506
2023-12-25,Nashik,1087,728,595
2023-12-25,Mumbai,921,831,328
2023-12-25,Aurangabad,1176,935,785
2023-12-26,Pune,807,469,510
2023-12-26,Nagpur,665,573,284
2023-12-26,Nashik,829,719,690
2023-12-26,Mumbai,1015,496,727
2023-12-26,Aurangabad,789,678,625
2023-12-27,Pune,951,436,339
2023-12-27,Nagpur,1118,768,783
2023-12-27,Nashik,694,539,608
2023-12-27,Mumbai,1001,571,323
2023-12-27,Aurangabad,912,481,589
2023-12-28,Pune,794,597,590
2023-12-28,Nagpur,1150,841,539
2023-12-28,Nashik,777,487,789
2023-12-28,Mumbai,733,438,367
2023-12-28,Aurangabad,747,915,380
2023-12-29,Pune,1088,775,786
2023-12-29,Nagpur,740,750,724
2023-12-29,Nashik,700,833,704
2023-12-29,Mumbai,1070,789,554
2023-12-29,Aurangabad,1122,599,531
2023-12-30,Pune,720,609,484
2023-12-30,Nagpur,1168,609,458
2023-12-30,Nashik,632,484,662
2023-12-30,Mumbai,591,952,619
2023-12-30,Aurangabad,992,908,654
2023-12-31,Pune,670,738,764
2023-12-31,Nagpur,1120,693,501
2023-12-31,Nashik,975,822,423
2023-12-31,Mumbai,778,685,524
2023-12-31,Aurangabad,507,718,708
